requestStatus,followUpOwner,followUpDate,outcome,compilerNumber,chapter,date,releaseStatus,accessRestriction,requestType,requestLanguage,title,type,participants,pageCount,selectedNaid,selectedCatalogUrl,selectedPdfUrl,scheduleNaids,scheduleReferences,sourcePackets,sourcePacketLinks,suggestedAction,sourceNote,sourceNoteProvenance,researchNote
,,,,1.010,Greece,1991-12-12,Partial,Restricted - Partly,Full review of withheld portions,"Conduct full declassification review of withheld or redacted portions for Doc 1.010, ""Meeting with Prime Minister Constantine Mitsotakis of Greece, December 12, 1991 (2 of 3)"", using related source-packet context and schedule evidence where available.","Meeting with Prime Minister Constantine Mitsotakis of Greece, December 12, 1991 (2 of 3)",Memcon,George H. W. Bush; Constantine Mitsotakis,7,428082073,https://catalog.archives.gov/id/428082073,https://s3.us-east-1.amazonaws.com/NARAprodstorage/lz/presidential-libraries/bush/gb-nsc/321498039/1991-12-12--Mitsotakis-2.pdf,415891716; 415891717,[Presidential Daily Diary] 12/12/1991 - NAID 415891716 - Catalog: https://catalog.archives.gov/id/415891716 - PDF: https://s3.amazonaws.com/NARAprodstorage/lz/presidential-libraries/bush/gb-whasf/Presidential_Daily_Diary_186322/1991/41-bpr-apts_sch-dd-12_12_91-12875-023_415891716.pdf || [Presidential Daily Backup] 12/12/1991 - NAID 415891717 - Catalog: https://catalog.archives.gov/id/415891717 - PDF: https://s3.amazonaws.com/NARAprodstorage/lz/presidential-libraries/bush/gb-whasf/Presidential_Daily_Diary_186322/1991/41-bpr-apts_sch-dd-12_12_91-12875-024_415891717.pdf,"rank 1 - Requested source pool: Presidential Daily File - RS 002-021 - 1991-12-12 to 1991-12-12 - Thursday, December 12, 1991 [2] - NAID 470417495 || rank 2 - Requested source pool: Scowcroft Papers - RS 001-014 - Presidential Meetings--Memorandum of Conversations 10/16/91-12/17/91 - NAID 366551679 || rank 3 - Central Chronological Files - CC 014 - 1991-12-01 - December 1991 [1] - NAID 470761786",RS 002-021 Catalog: https://catalog.archives.gov/id/470417495 | RS 002-021 PDF: https://s3.amazonaws.com/NARAprodstorage/lz/presidential-libraries/bush/gb-gbpp/Pres_Daily_Files_595141/1991/41-bpr-ootp-daily_files-90640-002.pdf || RS 001-014 Catalog: https://catalog.archives.gov/id/366551679 | RS 001-014 PDF: https://s3.amazonaws.com/NARAprodstorage/lz/presidential-libraries/bush/gb-gbs/4545941/41-bpr-scow-pcor-memcon-91109-004.pdf || CC 014 Catalog: https://catalog.archives.gov/id/470761786 | CC 014 PDF: https://s3.dualstack.us-east-1.amazonaws.com/NARAprodstorage/lz/presidential-libraries/bush/gb-nsc/euro_eura_dir_374000108/41-bpr-nsc-euro_eura-cen_chron-30522-001.pdf,Compare released text against source context and request full review of withheld passages if needed.,"Source: George H.W. Bush Library, Bush Presidential Records, National Security Council, Presidential Memcon Files, Meeting with Prime Minister Constantine Mitsotakis of Greece, December 12, 1991 (2 of 3).","FRUS source-note draft is Catalog-derived and limited to repository, record group/collection, series, and title. Catalog provenance retained separately: public Catalog release status: Partial; Catalog access: Restricted - Partly; NAID 428082073; PDF extent: 7 pages; digital object: 1991-12-12--Mitsotakis-2.pdf. Final publication check: confirm original classification marking, drafting/clearance/distribution details, marginalia, and exact archival container/OA-ID against the PDF or Library metadata.",Catalog provenance: public Catalog release status Partial; Catalog access Restricted - Partly; NAID 428082073. PDF extent: 7 pages. Digital object: 1991-12-12--Mitsotakis-2.pdf. Catalog: https://catalog.archives.gov/id/428082073.
,,,,2.003,Cyprus,1992-03-30,Partial,Restricted - Partly,Full review of withheld portions,"Conduct full declassification review of withheld or redacted portions for Doc 2.003, ""Meeting with George Vassiliou, President of Cyprus, March 30, 1992"", using related source-packet context and schedule evidence where available.","Meeting with George Vassiliou, President of Cyprus, March 30, 1992",Memcon,George H. W. Bush; George Vassiliou,6,428082149,https://catalog.archives.gov/id/428082149,https://s3.us-east-1.amazonaws.com/NARAprodstorage/lz/presidential-libraries/bush/gb-nsc/321498039/1992-03-30--Vassiliou.pdf,415891936; 415891937,[Presidential Daily Diary] 3/30/1992 - NAID 415891936 - Catalog: https://catalog.archives.gov/id/415891936 - PDF: https://s3.dualstack.us-east-1.amazonaws.com/NARAprodstorage/lz/presidential-libraries/bush/gb-whasf/Presidential_Daily_Diary_186322/1992/41-bpr-apts_sch-dd-03_30_92-12885-015_415891936.pdf || [Presidential Daily Backup] 3/30/1992 - NAID 415891937 - Catalog: https://catalog.archives.gov/id/415891937 - PDF: https://s3.dualstack.us-east-1.amazonaws.com/NARAprodstorage/lz/presidential-libraries/bush/gb-whasf/Presidential_Daily_Diary_186322/1992/41-bpr-apts_sch-dd-03_30_92-12885-016_415891937.pdf,"rank 1 - Requested source pool: Presidential Daily File - RS 002-024 - 1992-03-30 to 1992-03-30 - Monday, March 30, 1992 [1] - NAID 470417673 || rank 2 - Requested source pool: Scowcroft Papers - RS 001-003 - Presidential Meetings--Memorandum of Conversations 3/3/92-4/28/92 - NAID 366551682 || rank 3 - Central Chronological Files - CC 003 - 1992-03-01 - March 1992 [3] - NAID 470761800",RS 002-024 Catalog: https://catalog.archives.gov/id/470417673 | RS 002-024 PDF: https://s3.amazonaws.com/NARAprodstorage/lz/presidential-libraries/bush/gb-gbpp/Pres_Daily_Files_595141/1992/41-bpr-ootp-daily_files-90665-005.pdf || RS 001-003 Catalog: https://catalog.archives.gov/id/366551682 | RS 001-003 PDF: https://s3.amazonaws.com/NARAprodstorage/lz/presidential-libraries/bush/gb-gbs/4545941/41-bpr-scow-pcor-memcon-91109-007.pdf || CC 003 Catalog: https://catalog.archives.gov/id/470761800 | CC 003 PDF: https://s3.dualstack.us-east-1.amazonaws.com/NARAprodstorage/lz/presidential-libraries/bush/gb-nsc/euro_eura_dir_374000108/41-bpr-nsc-euro_eura-cen_chron-30524-003.pdf,Compare released text against source context and request full review of withheld passages if needed.,"Source: George H.W. Bush Library, Bush Presidential Records, National Security Council, Presidential Memcon Files, Meeting with George Vassiliou, President of Cyprus, March 30, 1992.","FRUS source-note draft is Catalog-derived and limited to repository, record group/collection, series, and title. Catalog provenance retained separately: public Catalog release status: Partial; Catalog access: Restricted - Partly; NAID 428082149; PDF extent: 6 pages; digital object: 1992-03-30--Vassiliou.pdf. Final publication check: confirm original classification marking, drafting/clearance/distribution details, marginalia, and exact archival container/OA-ID against the PDF or Library metadata.",Catalog provenance: public Catalog release status Partial; Catalog access Restricted - Partly; NAID 428082149. PDF extent: 6 pages. Digital object: 1992-03-30--Vassiliou.pdf. Catalog: https://catalog.archives.gov/id/428082149.
,,,,3.002,Turkey,1989-05-29,Marker / no memorandum listed,Unrestricted,Search or existence confirmation,"Search for, confirm, or locate the memorandum/telcon for Doc 3.002, ""Meeting with Prime Minister Turgut Ozal of Turkey, May 29, 1989 (no Memcon)"", using the attached Presidential Daily Diary/Backup references as evidence of the meeting or call.","Meeting with Prime Minister Turgut Ozal of Turkey, May 29, 1989 (no Memcon)",No Memcon,George H. W. Bush; Turgut Ozal,2,428082487,https://catalog.archives.gov/id/428082487,https://s3.us-east-1.amazonaws.com/NARAprodstorage/lz/presidential-libraries/bush/gb-nsc/321498039/1989-05-29--Ozal.pdf,415889856; 415889857,[Presidential Daily Diary] 5/29/1989 [EMPTY] - NAID 415889856 - Catalog: https://catalog.archives.gov/id/415889856 - PDF: https://s3.amazonaws.com/NARAprodstorage/lz/presidential-libraries/bush/gb-whasf/Presidential_Daily_Diary_186322/1989/41-bpr-apts_sch-dd-05_29_98-12798-009_415889856.pdf || [Presidential Daily Backup] 5/29/1989 - NAID 415889857 - Catalog: https://catalog.archives.gov/id/415889857 - PDF: https://s3.amazonaws.com/NARAprodstorage/lz/presidential-libraries/bush/gb-whasf/Presidential_Daily_Diary_186322/1989/41-bpr-apts_sch-dd-05_29_98-12798-010_415889857.pdf,rank 1 - Blackwill Chronological Files - BC 001 - 1989-06-01 - June 1989 [6] - NAID 453248088 || rank 2 - Blackwill Chronological Files - BC 002 - 1989-07-01 - July 1989 [2] - NAID 453248091 || rank 3 - Blackwill Chronological Files - BC 003 - 1989-05-01 - May 1989 [7] - NAID 453248079,BC 001 Catalog: https://catalog.archives.gov/id/453248088 | BC 001 PDF: https://s3.dualstack.us-east-1.amazonaws.com/NARAprodstorage/lz/presidential-libraries/bush/gb-nsc/blackwill/chron_2554659/41-bpr-nsc-blackwill_chron-30545-006.pdf || BC 002 Catalog: https://catalog.archives.gov/id/453248091 | BC 002 PDF: https://s3.dualstack.us-east-1.amazonaws.com/NARAprodstorage/lz/presidential-libraries/bush/gb-nsc/blackwill/chron_2554659/41-bpr-nsc-blackwill_chron-30546-002.pdf || BC 003 Catalog: https://catalog.archives.gov/id/453248079 | BC 003 PDF: https://s3.dualstack.us-east-1.amazonaws.com/NARAprodstorage/lz/presidential-libraries/bush/gb-nsc/blackwill/chron_2554659/41-bpr-nsc-blackwill_chron-30544-003.pdf,Confirm whether a memorandum/telcon exists; use schedule references as evidence of the meeting or call.,"Source: George H.W. Bush Library, Bush Presidential Records, National Security Council, Presidential Telcon Files, Meeting with Prime Minister Turgut Ozal of Turkey, May 29, 1989 (no Memcon).","FRUS source-note draft is Catalog-derived and limited to repository, record group/collection, series, and title. Catalog provenance retained separately: public Catalog release status: Marker / no memorandum listed; Catalog access: Unrestricted; NAID 428082487; PDF extent: 2 pages; digital object: 1989-05-29--Ozal.pdf. Final publication check: confirm original classification marking, drafting/clearance/distribution details, marginalia, and exact archival container/OA-ID against the PDF or Library metadata.",Catalog provenance: public Catalog release status Marker / no memorandum listed; Catalog access Unrestricted; NAID 428082487. PDF extent: 2 pages. Digital object: 1989-05-29--Ozal.pdf. Catalog: https://catalog.archives.gov/id/428082487.
,,,,3.009,Turkey,1990-01-18,Partial,Restricted - Partly,Full review of withheld portions,"Conduct full declassification review of withheld or redacted portions for Doc 3.009, ""Meeting with President Turgut Ozal of Turkey, January 18, 1990 (2 of 2)"", using related source-packet context and schedule evidence where available.","Meeting with President Turgut Ozal of Turkey, January 18, 1990 (2 of 2)",Memcon,George H. W. Bush; Turgut Ozal,8,428080437,https://catalog.archives.gov/id/428080437,https://s3.us-east-1.amazonaws.com/NARAprodstorage/lz/presidential-libraries/bush/gb-nsc/321498039/1990-01-18--Ozal-2.pdf,415890324; 415890325,[Presidential Daily Diary] 1/18/1990 [EMPTY] - NAID 415890324 - Catalog: https://catalog.archives.gov/id/415890324 - PDF: https://s3.amazonaws.com/NARAprodstorage/lz/presidential-libraries/bush/gb-whasf/Presidential_Daily_Diary_186322/1990/41-bpr-apts_sch-dd-01_18_90-12815-015_415890324.pdf || [Presidential Daily Backup] 1/18/1990 - NAID 415890325 - Catalog: https://catalog.archives.gov/id/415890325 - PDF: https://s3.amazonaws.com/NARAprodstorage/lz/presidential-libraries/bush/gb-whasf/Presidential_Daily_Diary_186322/1990/41-bpr-apts_sch-dd-01_18_90-12815-016_415890325.pdf,rank 1 - Requested source pool: Scowcroft Papers - RS 001-007 - Presidential Meetings--Memorandum of Conversations 1/11/90-2/21/90 - NAID 366551666 || rank 2 - Central Chronological Files - CC 033 - 1990-01-01 - January 1990 [1] - NAID 470761674,RS 001-007 Catalog: https://catalog.archives.gov/id/366551666 | RS 001-007 PDF: https://s3.amazonaws.com/NARAprodstorage/lz/presidential-libraries/bush/gb-gbs/4545941/41-bpr-scow-pcor-memcon-91107-007.pdf || CC 033 Catalog: https://catalog.archives.gov/id/470761674 | CC 033 PDF: https://s3.dualstack.us-east-1.amazonaws.com/NARAprodstorage/lz/presidential-libraries/bush/gb-nsc/euro_eura_dir_374000108/41-bpr-nsc-euro_eura-cen_chron-30503-004.pdf,Compare released text against source context and request full review of withheld passages if needed.,"Source: George H.W. Bush Library, Bush Presidential Records, National Security Council, Presidential Memcon Files, Meeting with President Turgut Ozal of Turkey, January 18, 1990 (2 of 2).","FRUS source-note draft is Catalog-derived and limited to repository, record group/collection, series, and title. Catalog provenance retained separately: public Catalog release status: Partial; Catalog access: Restricted - Partly; NAID 428080437; PDF extent: 8 pages; digital object: 1990-01-18--Ozal-2.pdf. Final publication check: confirm original classification marking, drafting/clearance/distribution details, marginalia, and exact archival container/OA-ID against the PDF or Library metadata.",Catalog provenance: public Catalog release status Partial; Catalog access Restricted - Partly; NAID 428080437. PDF extent: 8 pages. Digital object: 1990-01-18--Ozal-2.pdf. Catalog: https://catalog.archives.gov/id/428080437.
,,,,3.012,Turkey,1990-08-04,Partial,Restricted - Partly,Full review of withheld portions,"Conduct full declassification review of withheld or redacted portions for Doc 3.012, ""Telephone Call to President Turgut Ozal of Turkey, August 4, 1990"", using related source-packet context and schedule evidence where available.","Telephone Call to President Turgut Ozal of Turkey, August 4, 1990",Telcon,George H. W. Bush; Turgut Ozal,2,428080891,https://catalog.archives.gov/id/428080891,https://s3.us-east-1.amazonaws.com/NARAprodstorage/lz/presidential-libraries/bush/gb-nsc/321498139/1990-08-04--Ozal.pdf,415890720; 415890721,[Presidential Daily Diary] 8/4/1990 - NAID 415890720 - Catalog: https://catalog.archives.gov/id/415890720 - PDF: https://s3.amazonaws.com/NARAprodstorage/lz/presidential-libraries/bush/gb-whasf/Presidential_Daily_Diary_186322/1990/41-bpr-apts_sch-dd-08_04_90-12833-021_415890720.pdf || [Presidential Daily Backup] 8/4/1990 - NAID 415890721 - Catalog: https://catalog.archives.gov/id/415890721 - PDF: https://s3.amazonaws.com/NARAprodstorage/lz/presidential-libraries/bush/gb-whasf/Presidential_Daily_Diary_186322/1990/41-bpr-apts_sch-dd-08_04_90-12833-022_415890721.pdf,"rank 1 - Requested source pool: Presidential Daily File - RS 002-029 - 1990-08-14 to 1990-08-14 - Tuesday, August 14, 1990 - NAID 470416813 || rank 2 - Central Chronological Files - CC 055 - 1990-08-01 - August 1990 [7] - NAID 470761713 || rank 3 - Central Chronological Files - CC 057 - 1990-08-01 - August 1990 [5] - NAID 470761711",RS 002-029 Catalog: https://catalog.archives.gov/id/470416813 | RS 002-029 PDF: https://s3.amazonaws.com/NARAprodstorage/lz/presidential-libraries/bush/gb-gbpp/Pres_Daily_Files_595141/1990/41-bpr-ootp-daily_files-90557-001.pdf || CC 055 Catalog: https://catalog.archives.gov/id/470761713 | CC 055 PDF: https://s3.dualstack.us-east-1.amazonaws.com/NARAprodstorage/lz/presidential-libraries/bush/gb-nsc/euro_eura_dir_374000108/41-bpr-nsc-euro_eura-cen_chron-30509-004.pdf || CC 057 Catalog: https://catalog.archives.gov/id/470761711 | CC 057 PDF: https://s3.dualstack.us-east-1.amazonaws.com/NARAprodstorage/lz/presidential-libraries/bush/gb-nsc/euro_eura_dir_374000108/41-bpr-nsc-euro_eura-cen_chron-30509-002.pdf,Compare released text against source context and request full review of withheld passages if needed.,"Source: George H.W. Bush Library, Bush Presidential Records, National Security Council, Presidential Telcon Files, Telephone Call to President Turgut Ozal of Turkey, August 4, 1990.","FRUS source-note draft is Catalog-derived and limited to repository, record group/collection, series, and title. Catalog provenance retained separately: public Catalog release status: Partial; Catalog access: Restricted - Partly; NAID 428080891; PDF extent: 2 pages; digital object: 1990-08-04--Ozal.pdf. Final publication check: confirm original classification marking, drafting/clearance/distribution details, marginalia, and exact archival container/OA-ID against the PDF or Library metadata.",Catalog provenance: public Catalog release status Partial; Catalog access Restricted - Partly; NAID 428080891. PDF extent: 2 pages. Digital object: 1990-08-04--Ozal.pdf. Catalog: https://catalog.archives.gov/id/428080891.
,,,,3.016,Turkey,1990-08-16,Marker / no memorandum listed,Unrestricted,Search or existence confirmation,"Search for, confirm, or locate the memorandum/telcon for Doc 3.016, ""Telephone Call with Turgut Ozal, August 16, 1990"", using the attached Presidential Daily Diary/Backup references as evidence of the meeting or call.","Telephone Call with Turgut Ozal, August 16, 1990",No Telcon,George H. W. Bush; Turgut Ozal,2,428080933,https://catalog.archives.gov/id/428080933,https://s3.us-east-1.amazonaws.com/NARAprodstorage/lz/presidential-libraries/bush/gb-nsc/321498139/1990-08-16--Ozal.pdf,415890744; 415890745,[Presidential Daily Diary] 8/16/1990 [EMPTY] - NAID 415890744 - Catalog: https://catalog.archives.gov/id/415890744 - PDF: https://s3.amazonaws.com/NARAprodstorage/lz/presidential-libraries/bush/gb-whasf/Presidential_Daily_Diary_186322/1990/41-bpr-apts_sch-dd-08_16_90-12834-019_415890744.pdf || [Presidential Daily Backup] 8/16/1990 - NAID 415890745 - Catalog: https://catalog.archives.gov/id/415890745 - PDF: https://s3.amazonaws.com/NARAprodstorage/lz/presidential-libraries/bush/gb-whasf/Presidential_Daily_Diary_186322/1990/41-bpr-apts_sch-dd-08_16_90-12834-020_415890745.pdf,"rank 1 - Requested source pool: Presidential Daily File - RS 002-029 - 1990-08-14 to 1990-08-14 - Tuesday, August 14, 1990 - NAID 470416813 || rank 2 - Central Chronological Files - CC 055 - 1990-08-01 - August 1990 [7] - NAID 470761713 || rank 3 - Central Chronological Files - CC 057 - 1990-08-01 - August 1990 [5] - NAID 470761711",RS 002-029 Catalog: https://catalog.archives.gov/id/470416813 | RS 002-029 PDF: https://s3.amazonaws.com/NARAprodstorage/lz/presidential-libraries/bush/gb-gbpp/Pres_Daily_Files_595141/1990/41-bpr-ootp-daily_files-90557-001.pdf || CC 055 Catalog: https://catalog.archives.gov/id/470761713 | CC 055 PDF: https://s3.dualstack.us-east-1.amazonaws.com/NARAprodstorage/lz/presidential-libraries/bush/gb-nsc/euro_eura_dir_374000108/41-bpr-nsc-euro_eura-cen_chron-30509-004.pdf || CC 057 Catalog: https://catalog.archives.gov/id/470761711 | CC 057 PDF: https://s3.dualstack.us-east-1.amazonaws.com/NARAprodstorage/lz/presidential-libraries/bush/gb-nsc/euro_eura_dir_374000108/41-bpr-nsc-euro_eura-cen_chron-30509-002.pdf,Confirm whether a memorandum/telcon exists; use schedule references as evidence of the meeting or call.,"Source: George H.W. Bush Library, Bush Presidential Records, National Security Council, Presidential Telcon Files, Telephone Call with Turgut Ozal, August 16, 1990.","FRUS source-note draft is Catalog-derived and limited to repository, record group/collection, series, and title. Catalog provenance retained separately: public Catalog release status: Marker / no memorandum listed; Catalog access: Unrestricted; NAID 428080933; PDF extent: 2 pages; digital object: 1990-08-16--Ozal.pdf. Final publication check: confirm original classification marking, drafting/clearance/distribution details, marginalia, and exact archival container/OA-ID against the PDF or Library metadata.",Catalog provenance: public Catalog release status Marker / no memorandum listed; Catalog access Unrestricted; NAID 428080933. PDF extent: 2 pages. Digital object: 1990-08-16--Ozal.pdf. Catalog: https://catalog.archives.gov/id/428080933.
,,,,3.027,Turkey,1990-12-16,Marker / no memorandum listed,Unrestricted,Search or existence confirmation,"Search for, confirm, or locate the memorandum/telcon for Doc 3.027, ""Telephone Call from Turgut Ozal, December 16, 1990"", using the attached Presidential Daily Diary/Backup references as evidence of the meeting or call.","Telephone Call from Turgut Ozal, December 16, 1990",No Telcon,George H. W. Bush; Turgut Ozal,2,428081251,https://catalog.archives.gov/id/428081251,https://s3.us-east-1.amazonaws.com/NARAprodstorage/lz/presidential-libraries/bush/gb-nsc/321498139/1990-12-16--Ozal.pdf,415890990; 415890991,[Presidential Daily Diary] 12/16/1990 - NAID 415890990 - Catalog: https://catalog.archives.gov/id/415890990 - PDF: https://s3.amazonaws.com/NARAprodstorage/lz/presidential-libraries/bush/gb-whasf/Presidential_Daily_Diary_186322/1990/41-bpr-apts_sch-dd-12_16_90-12845-005_415890990.pdf || [Presidential Daily Backup] 12/16/1990 - NAID 415890991 - Catalog: https://catalog.archives.gov/id/415890991 - PDF: https://s3.amazonaws.com/NARAprodstorage/lz/presidential-libraries/bush/gb-whasf/Presidential_Daily_Diary_186322/1990/41-bpr-apts_sch-dd-12_16_90-12845-006_415890991.pdf,rank 1 - Requested source pool: Scowcroft Papers - RS 001-023 - Presidential Telephone Calls--Memorandum of Conversations 10/11/90-12/31/90 - NAID 366551695,RS 001-023 Catalog: https://catalog.archives.gov/id/366551695 | RS 001-023 PDF: https://s3.amazonaws.com/NARAprodstorage/lz/presidential-libraries/bush/gb-gbs/4545941/41-bpr-scow-pcor-telcon-91112-003.pdf,Confirm whether a memorandum/telcon exists; use schedule references as evidence of the meeting or call.,"Source: George H.W. Bush Library, Bush Presidential Records, National Security Council, Presidential Telcon Files, Telephone Call from Turgut Ozal, December 16, 1990.","FRUS source-note draft is Catalog-derived and limited to repository, record group/collection, series, and title. Catalog provenance retained separately: public Catalog release status: Marker / no memorandum listed; Catalog access: Unrestricted; NAID 428081251; PDF extent: 2 pages; digital object: 1990-12-16--Ozal.pdf. Final publication check: confirm original classification marking, drafting/clearance/distribution details, marginalia, and exact archival container/OA-ID against the PDF or Library metadata.",Catalog provenance: public Catalog release status Marker / no memorandum listed; Catalog access Unrestricted; NAID 428081251. PDF extent: 2 pages. Digital object: 1990-12-16--Ozal.pdf. Catalog: https://catalog.archives.gov/id/428081251.
,,,,3.031,Turkey,1991-01-16,Marker / no memorandum listed,Unrestricted,Search or existence confirmation,"Search for, confirm, or locate the memorandum/telcon for Doc 3.031, ""Telephone Call to Turgut Ozal, January 16, 1991"", using the attached Presidential Daily Diary/Backup references as evidence of the meeting or call.","Telephone Call to Turgut Ozal, January 16, 1991",No Telcon,George H. W. Bush; Turgut Ozal,2,428081335,https://catalog.archives.gov/id/428081335,https://s3.us-east-1.amazonaws.com/NARAprodstorage/lz/presidential-libraries/bush/gb-nsc/321498139/1991-01-16--Ozal.pdf,415891052; 415891053,[Presidential Daily Diary] 1/16/1991 - NAID 415891052 - Catalog: https://catalog.archives.gov/id/415891052 - PDF: https://s3.amazonaws.com/NARAprodstorage/lz/presidential-libraries/bush/gb-whasf/Presidential_Daily_Diary_186322/1991/41-bpr-apts_sch-dd-01_16_91-12847-001_415891052.pdf || [Presidential Daily Backup] 1/16/1991 - NAID 415891053 - Catalog: https://catalog.archives.gov/id/415891053 - PDF: https://s3.amazonaws.com/NARAprodstorage/lz/presidential-libraries/bush/gb-whasf/Presidential_Daily_Diary_186322/1991/41-bpr-apts_sch-dd-01_16_91-12847-002_415891053.pdf,rank 1 - Central Chronological Files - CC 053 - 1991-01-01 - January 1991 [3] - NAID 470761737 || rank 2 - Central Chronological Files - CC 025 - 1991-01-01 - January 1991 [2] - NAID 470761736 || rank 3 - Central Chronological Files - CC 068 - 1991-01-01 - January 1991 [1] - NAID 470761735,CC 053 Catalog: https://catalog.archives.gov/id/470761737 | CC 053 PDF: https://s3.dualstack.us-east-1.amazonaws.com/NARAprodstorage/lz/presidential-libraries/bush/gb-nsc/euro_eura_dir_374000108/41-bpr-nsc-euro_eura-cen_chron-30513-003.pdf || CC 025 Catalog: https://catalog.archives.gov/id/470761736 | CC 025 PDF: https://s3.dualstack.us-east-1.amazonaws.com/NARAprodstorage/lz/presidential-libraries/bush/gb-nsc/euro_eura_dir_374000108/41-bpr-nsc-euro_eura-cen_chron-30513-002.pdf || CC 068 Catalog: https://catalog.archives.gov/id/470761735 | CC 068 PDF: https://s3.dualstack.us-east-1.amazonaws.com/NARAprodstorage/lz/presidential-libraries/bush/gb-nsc/euro_eura_dir_374000108/41-bpr-nsc-euro_eura-cen_chron-30513-001.pdf,Confirm whether a memorandum/telcon exists; use schedule references as evidence of the meeting or call.,"Source: George H.W. Bush Library, Bush Presidential Records, National Security Council, Presidential Telcon Files, Telephone Call to Turgut Ozal, January 16, 1991.","FRUS source-note draft is Catalog-derived and limited to repository, record group/collection, series, and title. Catalog provenance retained separately: public Catalog release status: Marker / no memorandum listed; Catalog access: Unrestricted; NAID 428081335; PDF extent: 2 pages; digital object: 1991-01-16--Ozal.pdf. Final publication check: confirm original classification marking, drafting/clearance/distribution details, marginalia, and exact archival container/OA-ID against the PDF or Library metadata.",Catalog provenance: public Catalog release status Marker / no memorandum listed; Catalog access Unrestricted; NAID 428081335. PDF extent: 2 pages. Digital object: 1991-01-16--Ozal.pdf. Catalog: https://catalog.archives.gov/id/428081335.
,,,,3.040,Turkey,1991-03-27,Marker / no memorandum listed,Unrestricted,Search or existence confirmation,"Search for, confirm, or locate the memorandum/telcon for Doc 3.040, ""Telephone Call from Turgut Ozal, March 27, 1991"", using the attached Presidential Daily Diary/Backup references as evidence of the meeting or call.","Telephone Call from Turgut Ozal, March 27, 1991",No Telcon,George H. W. Bush; Turgut Ozal,2,428081553,https://catalog.archives.gov/id/428081553,https://s3.us-east-1.amazonaws.com/NARAprodstorage/lz/presidential-libraries/bush/gb-nsc/321498139/1991-03-27--Ozal.pdf,415891192; 415891193,[Presidential Daily Diary] 3/27/1991 - NAID 415891192 - Catalog: https://catalog.archives.gov/id/415891192 - PDF: https://s3.amazonaws.com/NARAprodstorage/lz/presidential-libraries/bush/gb-whasf/Presidential_Daily_Diary_186322/1991/41-bpr-apts_sch-dd-03_27_91-12852-015_415891192.pdf || [Presidential Daily Backup] 3/27/1991 - NAID 415891193 - Catalog: https://catalog.archives.gov/id/415891193 - PDF: https://s3.amazonaws.com/NARAprodstorage/lz/presidential-libraries/bush/gb-whasf/Presidential_Daily_Diary_186322/1991/41-bpr-apts_sch-dd-03_27_91-12852-016_415891193.pdf,rank 1 - Central Chronological Files - CC 077 - 1991-03-01 - March 1991 [1] - NAID 470761744 || rank 2 - Central Chronological Files - CC 040 - 1991-03-01 - March 1991 [4] - NAID 470761747,CC 077 Catalog: https://catalog.archives.gov/id/470761744 | CC 077 PDF: https://s3.dualstack.us-east-1.amazonaws.com/NARAprodstorage/lz/presidential-libraries/bush/gb-nsc/euro_eura_dir_374000108/41-bpr-nsc-euro_eura-cen_chron-30514-003.pdf || CC 040 Catalog: https://catalog.archives.gov/id/470761747 | CC 040 PDF: https://s3.dualstack.us-east-1.amazonaws.com/NARAprodstorage/lz/presidential-libraries/bush/gb-nsc/euro_eura_dir_374000108/41-bpr-nsc-euro_eura-cen_chron-30515-001.pdf,Confirm whether a memorandum/telcon exists; use schedule references as evidence of the meeting or call.,"Source: George H.W. Bush Library, Bush Presidential Records, National Security Council, Presidential Telcon Files, Telephone Call from Turgut Ozal, March 27, 1991.","FRUS source-note draft is Catalog-derived and limited to repository, record group/collection, series, and title. Catalog provenance retained separately: public Catalog release status: Marker / no memorandum listed; Catalog access: Unrestricted; NAID 428081553; PDF extent: 2 pages; digital object: 1991-03-27--Ozal.pdf. Final publication check: confirm original classification marking, drafting/clearance/distribution details, marginalia, and exact archival container/OA-ID against the PDF or Library metadata.",Catalog provenance: public Catalog release status Marker / no memorandum listed; Catalog access Unrestricted; NAID 428081553. PDF extent: 2 pages. Digital object: 1991-03-27--Ozal.pdf. Catalog: https://catalog.archives.gov/id/428081553.
,,,,3.043,Turkey,1991-04-16,Denied,Restricted - Fully,Denial review,"Review the denial for Doc 3.043, ""Presidential Call to President Ozal, April 16, 1991 (2 of 2)"", and provide a release determination or written referral/withholding rationale for the denied memorandum/call.","Presidential Call to President Ozal, April 16, 1991 (2 of 2)",Telcon,George H. W. Bush; Turgut Ozal,1,428081617,https://catalog.archives.gov/id/428081617,https://s3.us-east-1.amazonaws.com/NARAprodstorage/lz/presidential-libraries/bush/gb-nsc/321498139/1991-04-16--Ozal-2.pdf,415891232; 415891233,[Presidential Daily Diary] 4/16/1991 - NAID 415891232 - Catalog: https://catalog.archives.gov/id/415891232 - PDF: https://s3.amazonaws.com/NARAprodstorage/lz/presidential-libraries/bush/gb-whasf/Presidential_Daily_Diary_186322/1991/41-bpr-apts_sch-dd-04_16_91-12854-013_415891232.pdf || [Presidential Daily Backup] 4/16/1991 - NAID 415891233 - Catalog: https://catalog.archives.gov/id/415891233 - PDF: https://s3.amazonaws.com/NARAprodstorage/lz/presidential-libraries/bush/gb-whasf/Presidential_Daily_Diary_186322/1991/41-bpr-apts_sch-dd-04_16_91-12854-014_415891233.pdf,"rank 1 - Requested source pool: NSC/DC Meetings - RS 005-004 - 1991-04-08 to 1991-04-08 - NSC/DC 268 - April 08, 1991 - NSC/DC Meeting on Iraqi Refugees via SVTS, Keywords: Iraq, Refugees - NAID 470761286 || rank 2 - Central Chronological Files - CC 037 - 1991-04-01 - April 1991 [6] - NAID 470761755 || rank 3 - Central Chronological Files - CC 042 - 1991-04-01 - April 1991 [1] - NAID 470761750",RS 005-004 Catalog: https://catalog.archives.gov/id/470761286 | RS 005-004 PDF: https://s3.amazonaws.com/NARAprodstorage/lz/presidential-libraries/bush/gb-nsc/H-Files/NSC-DC_Mtgs_312294079/41-bpr-nsc-hfiles-dc_mtgs-268-90019-017.pdf || CC 037 Catalog: https://catalog.archives.gov/id/470761755 | CC 037 PDF: https://s3.dualstack.us-east-1.amazonaws.com/NARAprodstorage/lz/presidential-libraries/bush/gb-nsc/euro_eura_dir_374000108/41-bpr-nsc-euro_eura-cen_chron-30516-003.pdf || CC 042 Catalog: https://catalog.archives.gov/id/470761750 | CC 042 PDF: https://s3.dualstack.us-east-1.amazonaws.com/NARAprodstorage/lz/presidential-libraries/bush/gb-nsc/euro_eura_dir_374000108/41-bpr-nsc-euro_eura-cen_chron-30515-004.pdf,Request denial review and capture agency/referral rationale.,"Source: George H.W. Bush Library, Bush Presidential Records, National Security Council, Presidential Telcon Files, Presidential Call to President Ozal, April 16, 1991 (2 of 2).","FRUS source-note draft is Catalog-derived and limited to repository, record group/collection, series, and title. Catalog provenance retained separately: public Catalog release status: Denied; Catalog access: Restricted - Fully; NAID 428081617; PDF extent: 1 pages; digital object: 1991-04-16--Ozal-2.pdf. Final publication check: confirm original classification marking, drafting/clearance/distribution details, marginalia, and exact archival container/OA-ID against the PDF or Library metadata.",Catalog provenance: public Catalog release status Denied; Catalog access Restricted - Fully; NAID 428081617. PDF extent: 1 pages. Digital object: 1991-04-16--Ozal-2.pdf. Catalog: https://catalog.archives.gov/id/428081617.
,,,,3.046,Turkey,1991-05-07,Marker / no memorandum listed,Unrestricted,Search or existence confirmation,"Search for, confirm, or locate the memorandum/telcon for Doc 3.046, ""Telephone Call to Turgut Ozal, May 7, 1991"", using the attached Presidential Daily Diary/Backup references as evidence of the meeting or call.","Telephone Call to Turgut Ozal, May 7, 1991",No Telcon,George H. W. Bush; Turgut Ozal,2,428081649,https://catalog.archives.gov/id/428081649,https://s3.us-east-1.amazonaws.com/NARAprodstorage/lz/presidential-libraries/bush/gb-nsc/321498139/1991-05-07--Ozal.pdf,415891274; 415891275,[Presidential Daily Diary] 5/7/1991 - NAID 415891274 - Catalog: https://catalog.archives.gov/id/415891274 - PDF: https://s3.amazonaws.com/NARAprodstorage/lz/presidential-libraries/bush/gb-whasf/Presidential_Daily_Diary_186322/1991/41-bpr-apts_sch-dd-05_07_91-12856-013_415891274.pdf || [Presidential Daily Backup] 5/7/1991 - NAID 415891275 - Catalog: https://catalog.archives.gov/id/415891275 - PDF: https://s3.amazonaws.com/NARAprodstorage/lz/presidential-libraries/bush/gb-whasf/Presidential_Daily_Diary_186322/1991/41-bpr-apts_sch-dd-05_07_91-12856-014_415891275.pdf,rank 1 - Central Chronological Files - CC 048 - 1991-05-01 - May 1991 [2] - NAID 470761757,CC 048 Catalog: https://catalog.archives.gov/id/470761757 | CC 048 PDF: https://s3.dualstack.us-east-1.amazonaws.com/NARAprodstorage/lz/presidential-libraries/bush/gb-nsc/euro_eura_dir_374000108/41-bpr-nsc-euro_eura-cen_chron-30516-005.pdf,Confirm whether a memorandum/telcon exists; use schedule references as evidence of the meeting or call.,"Source: George H.W. Bush Library, Bush Presidential Records, National Security Council, Presidential Telcon Files, Telephone Call to Turgut Ozal, May 7, 1991.","FRUS source-note draft is Catalog-derived and limited to repository, record group/collection, series, and title. Catalog provenance retained separately: public Catalog release status: Marker / no memorandum listed; Catalog access: Unrestricted; NAID 428081649; PDF extent: 2 pages; digital object: 1991-05-07--Ozal.pdf. Final publication check: confirm original classification marking, drafting/clearance/distribution details, marginalia, and exact archival container/OA-ID against the PDF or Library metadata.",Catalog provenance: public Catalog release status Marker / no memorandum listed; Catalog access Unrestricted; NAID 428081649. PDF extent: 2 pages. Digital object: 1991-05-07--Ozal.pdf. Catalog: https://catalog.archives.gov/id/428081649.
,,,,3.049,Turkey,1991-07-10,Partial,Restricted - Partly,Full review of withheld portions,"Conduct full declassification review of withheld or redacted portions for Doc 3.049, ""Telephone Call with Turgut Ozal, President of Turkey on July 10, 1991"", using related source-packet context and schedule evidence where available.","Telephone Call with Turgut Ozal, President of Turkey on July 10, 1991",Telcon,George H. W. Bush; Turgut Ozal,5,428081761,https://catalog.archives.gov/id/428081761,https://s3.us-east-1.amazonaws.com/NARAprodstorage/lz/presidential-libraries/bush/gb-nsc/321498139/1991-07-10--Ozal.pdf,415891403; 415891404,[Presidential Daily Diary] 7/10/1991 - NAID 415891403 - Catalog: https://catalog.archives.gov/id/415891403 - PDF: https://s3.amazonaws.com/NARAprodstorage/lz/presidential-libraries/bush/gb-whasf/Presidential_Daily_Diary_186322/1991/41-bpr-apts_sch-dd-07_10_91-12863-007_415891403.pdf || [Presidential Daily Backup] 7/10/1991 - NAID 415891404 - Catalog: https://catalog.archives.gov/id/415891404 - PDF: https://s3.amazonaws.com/NARAprodstorage/lz/presidential-libraries/bush/gb-whasf/Presidential_Daily_Diary_186322/1991/41-bpr-apts_sch-dd-07_10_91-12863-008_415891404.pdf,rank 1 - Central Chronological Files - CC 002 - 1991-07-01 - July 1991 [2] - NAID 470761766 || rank 2 - Central Chronological Files - CC 024 - 1991-07-01 - July 1991 [3] - NAID 470761767 || rank 3 - Central Chronological Files - CC 069 - 1991-07-01 - July 1991 [4] - NAID 470761768,CC 002 Catalog: https://catalog.archives.gov/id/470761766 | CC 002 PDF: https://s3.dualstack.us-east-1.amazonaws.com/NARAprodstorage/lz/presidential-libraries/bush/gb-nsc/euro_eura_dir_374000108/41-bpr-nsc-euro_eura-cen_chron-30518-002.pdf || CC 024 Catalog: https://catalog.archives.gov/id/470761767 | CC 024 PDF: https://s3.dualstack.us-east-1.amazonaws.com/NARAprodstorage/lz/presidential-libraries/bush/gb-nsc/euro_eura_dir_374000108/41-bpr-nsc-euro_eura-cen_chron-30518-003.pdf || CC 069 Catalog: https://catalog.archives.gov/id/470761768 | CC 069 PDF: https://s3.dualstack.us-east-1.amazonaws.com/NARAprodstorage/lz/presidential-libraries/bush/gb-nsc/euro_eura_dir_374000108/41-bpr-nsc-euro_eura-cen_chron-30518-004.pdf,Compare released text against source context and request full review of withheld passages if needed.,"Source: George H.W. Bush Library, Bush Presidential Records, National Security Council, Presidential Telcon Files, Telephone Call with Turgut Ozal, President of Turkey on July 10, 1991.","FRUS source-note draft is Catalog-derived and limited to repository, record group/collection, series, and title. Catalog provenance retained separately: public Catalog release status: Partial; Catalog access: Restricted - Partly; NAID 428081761; PDF extent: 5 pages; digital object: 1991-07-10--Ozal.pdf. Final publication check: confirm original classification marking, drafting/clearance/distribution details, marginalia, and exact archival container/OA-ID against the PDF or Library metadata.",Catalog provenance: public Catalog release status Partial; Catalog access Restricted - Partly; NAID 428081761. PDF extent: 5 pages. Digital object: 1991-07-10--Ozal.pdf. Catalog: https://catalog.archives.gov/id/428081761.
,,,,3.060,Turkey,1992-05-11,Partial,Restricted - Partly,Full review of withheld portions,"Conduct full declassification review of withheld or redacted portions for Doc 3.060, ""Telcon with Prime Minister Demirel of Turkey, May 11, 1992"", using related source-packet context and schedule evidence where available.","Telcon with Prime Minister Demirel of Turkey, May 11, 1992",Telcon,George H. W. Bush; Suleyman Demirel,4,428082217,https://catalog.archives.gov/id/428082217,https://s3.us-east-1.amazonaws.com/NARAprodstorage/lz/presidential-libraries/bush/gb-nsc/321498139/1992-05-11--Demirel.pdf,415892021; 415892022,[Presidential Daily Diary] 5/11/1992 - NAID 415892021 - Catalog: https://catalog.archives.gov/id/415892021 - PDF: https://s3.dualstack.us-east-1.amazonaws.com/NARAprodstorage/lz/presidential-libraries/bush/gb-whasf/Presidential_Daily_Diary_186322/1992/41-bpr-apts_sch-dd-05_11_92-12889-019_415892021.pdf || [Presidential Daily Backup] 5/11/1992 - NAID 415892022 - Catalog: https://catalog.archives.gov/id/415892022 - PDF: https://s3.dualstack.us-east-1.amazonaws.com/NARAprodstorage/lz/presidential-libraries/bush/gb-whasf/Presidential_Daily_Diary_186322/1992/41-bpr-apts_sch-dd-05_11_92-12889-020_415892022.pdf,rank 1 - Requested source pool: Scowcroft Papers - RS 001-017 - Presidential Telephone Calls--Memorandum of Conversations 4/10/92-6/30/92 - NAID 366551704 || rank 2 - Central Chronological Files - CC 005 - 1992-05-01 - May 1992 [5] - NAID 470761812 || rank 3 - Central Chronological Files - CC 054 - 1992-05-01 - May 1992 [3] - NAID 470761810,RS 001-017 Catalog: https://catalog.archives.gov/id/366551704 | RS 001-017 PDF: https://s3.amazonaws.com/NARAprodstorage/lz/presidential-libraries/bush/gb-gbs/4545941/41-bpr-scow-pcor-telcon-91113-004.pdf || CC 005 Catalog: https://catalog.archives.gov/id/470761812 | CC 005 PDF: https://s3.dualstack.us-east-1.amazonaws.com/NARAprodstorage/lz/presidential-libraries/bush/gb-nsc/euro_eura_dir_374000108/41-bpr-nsc-euro_eura-cen_chron-30526-003.pdf || CC 054 Catalog: https://catalog.archives.gov/id/470761810 | CC 054 PDF: https://s3.dualstack.us-east-1.amazonaws.com/NARAprodstorage/lz/presidential-libraries/bush/gb-nsc/euro_eura_dir_374000108/41-bpr-nsc-euro_eura-cen_chron-30526-001.pdf,Compare released text against source context and request full review of withheld passages if needed.,"Source: George H.W. Bush Library, Bush Presidential Records, National Security Council, Presidential Telcon Files, Telcon with Prime Minister Demirel of Turkey, May 11, 1992.","FRUS source-note draft is Catalog-derived and limited to repository, record group/collection, series, and title. Catalog provenance retained separately: public Catalog release status: Partial; Catalog access: Restricted - Partly; NAID 428082217; PDF extent: 4 pages; digital object: 1992-05-11--Demirel.pdf. Final publication check: confirm original classification marking, drafting/clearance/distribution details, marginalia, and exact archival container/OA-ID against the PDF or Library metadata.",Catalog provenance: public Catalog release status Partial; Catalog access Restricted - Partly; NAID 428082217. PDF extent: 4 pages. Digital object: 1992-05-11--Demirel.pdf. Catalog: https://catalog.archives.gov/id/428082217.
,,,,3.064,Turkey,1992-08-01,Partial,Restricted - Partly,Full review of withheld portions,"Conduct full declassification review of withheld or redacted portions for Doc 3.064, ""Telephone Conversation with Prime Minister Suleyman Demirel of Turkey, August 1, 1992"", using related source-packet context and schedule evidence where available.","Telephone Conversation with Prime Minister Suleyman Demirel of Turkey, August 1, 1992",Telcon,George H. W. Bush; Suleyman Demirel,4,428082337,https://catalog.archives.gov/id/428082337,https://s3.us-east-1.amazonaws.com/NARAprodstorage/lz/presidential-libraries/bush/gb-nsc/321498139/1992-08-01--Demirel.pdf,415892188; 415892189,[Presidential Daily Diary] 8/1/1992 - NAID 415892188 - Catalog: https://catalog.archives.gov/id/415892188 - PDF: https://s3.dualstack.us-east-1.amazonaws.com/NARAprodstorage/lz/presidential-libraries/bush/gb-whasf/Presidential_Daily_Diary_186322/1992/41-bpr-apts_sch-dd-08_01_92-12897-009_415892188.pdf || [Presidential Daily Backup] 8/1/1992 - NAID 415892189 - Catalog: https://catalog.archives.gov/id/415892189 - PDF: https://s3.dualstack.us-east-1.amazonaws.com/NARAprodstorage/lz/presidential-libraries/bush/gb-whasf/Presidential_Daily_Diary_186322/1992/41-bpr-apts_sch-dd-08_01_92-12897-010_415892189.pdf,"rank 1 - Requested source pool: Presidential Daily File - RS 002-027 - 1992-08-01 to 1992-08-01 - Saturday, August 1, 1992 - NAID 470417945 || rank 2 - Requested source pool: Scowcroft Papers - RS 001-018 - Presidential Telephone Calls--Memorandum of Conversations 7/10/92-11/5/92 - NAID 366551705",RS 002-027 Catalog: https://catalog.archives.gov/id/470417945 | RS 002-027 PDF: https://s3.amazonaws.com/NARAprodstorage/lz/presidential-libraries/bush/gb-gbpp/Pres_Daily_Files_595141/1992/41-bpr-ootp-daily_files-90702-006.pdf || RS 001-018 Catalog: https://catalog.archives.gov/id/366551705 | RS 001-018 PDF: https://s3.amazonaws.com/NARAprodstorage/lz/presidential-libraries/bush/gb-gbs/4545941/41-bpr-scow-pcor-telcon-91113-005.pdf,Compare released text against source context and request full review of withheld passages if needed.,"Source: George H.W. Bush Library, Bush Presidential Records, National Security Council, Presidential Telcon Files, Telephone Conversation with Prime Minister Suleyman Demirel of Turkey, August 1, 1992.","FRUS source-note draft is Catalog-derived and limited to repository, record group/collection, series, and title. Catalog provenance retained separately: public Catalog release status: Partial; Catalog access: Restricted - Partly; NAID 428082337; PDF extent: 4 pages; digital object: 1992-08-01--Demirel.pdf. Final publication check: confirm original classification marking, drafting/clearance/distribution details, marginalia, and exact archival container/OA-ID against the PDF or Library metadata.",Catalog provenance: public Catalog release status Partial; Catalog access Restricted - Partly; NAID 428082337. PDF extent: 4 pages. Digital object: 1992-08-01--Demirel.pdf. Catalog: https://catalog.archives.gov/id/428082337.
