reviewStatus,followUpOwner,targetDate,outcome,actionRank,priorityBand,actionType,chapter,date,candidateId,title,whyNow,nextAction,evidence,sourceArtifacts,catalogUrl,pdfUrl
,,,,109,P0 - selected-document release/search blocker,Denial review,Turkey,1991-04-16,Doc 3.043,"Presidential Call to President Ozal, April 16, 1991 (2 of 2)",Denied; schedule NAIDs 415891232; 415891233; source-packet context attached.,"Review the denial for Doc 3.043, ""Presidential Call to President Ozal, April 16, 1991 (2 of 2)"", and provide a release determination or written referral/withholding rationale for the denied memorandum/call.","[Presidential Daily Diary] 4/16/1991 - NAID 415891232 - Catalog: https://catalog.archives.gov/id/415891232 - PDF: https://s3.amazonaws.com/NARAprodstorage/lz/presidential-libraries/bush/gb-whasf/Presidential_Daily_Diary_186322/1991/41-bpr-apts_sch-dd-04_16_91-12854-013_415891232.pdf || [Presidential Daily Backup] 4/16/1991 - NAID 415891233 - Catalog: https://catalog.archives.gov/id/415891233 - PDF: https://s3.amazonaws.com/NARAprodstorage/lz/presidential-libraries/bush/gb-whasf/Presidential_Daily_Diary_186322/1991/41-bpr-apts_sch-dd-04_16_91-12854-014_415891233.pdf || rank 1 - Requested source pool: NSC/DC Meetings - RS 005-004 - 1991-04-08 to 1991-04-08 - NSC/DC 268 - April 08, 1991 - NSC/DC Meeting on Iraqi Refugees via SVTS, Keywords: Iraq, Refugees - NAID 470761286 || rank 2 - Central Chronological Files - CC 037 - 1991-04-01 - April 1991 [6] - NAID 470761755 || rank 3 - Central Chronological Files - CC 042 - 1991-04-01 - April 1991 [1] - NAID 470761750",reports/compiler-declassification-requests.md | reports/compiler-declassification-review.md | reports/compiler-document-register.md,https://catalog.archives.gov/id/428081617,https://s3.us-east-1.amazonaws.com/NARAprodstorage/lz/presidential-libraries/bush/gb-nsc/321498139/1991-04-16--Ozal-2.pdf
,,,,120,P0 - selected-document release/search blocker,Full review of withheld portions,Greece,1991-12-12,Doc 1.010,"Meeting with Prime Minister Constantine Mitsotakis of Greece, December 12, 1991 (2 of 3)",Partial; schedule NAIDs 415891716; 415891717; source-packet context attached.,"Conduct full declassification review of withheld or redacted portions for Doc 1.010, ""Meeting with Prime Minister Constantine Mitsotakis of Greece, December 12, 1991 (2 of 3)"", using related source-packet context and schedule evidence where available.","[Presidential Daily Diary] 12/12/1991 - NAID 415891716 - Catalog: https://catalog.archives.gov/id/415891716 - PDF: https://s3.amazonaws.com/NARAprodstorage/lz/presidential-libraries/bush/gb-whasf/Presidential_Daily_Diary_186322/1991/41-bpr-apts_sch-dd-12_12_91-12875-023_415891716.pdf || [Presidential Daily Backup] 12/12/1991 - NAID 415891717 - Catalog: https://catalog.archives.gov/id/415891717 - PDF: https://s3.amazonaws.com/NARAprodstorage/lz/presidential-libraries/bush/gb-whasf/Presidential_Daily_Diary_186322/1991/41-bpr-apts_sch-dd-12_12_91-12875-024_415891717.pdf || rank 1 - Requested source pool: Presidential Daily File - RS 002-021 - 1991-12-12 to 1991-12-12 - Thursday, December 12, 1991 [2] - NAID 470417495 || rank 2 - Requested source pool: Scowcroft Papers - RS 001-014 - Presidential Meetings--Memorandum of Conversations 10/16/91-12/17/91 - NAID 366551679 || rank 3 - Central Chronological Files - CC 014 - 1991-12-01 - December 1991 [1] - NAID 470761786",reports/compiler-declassification-requests.md | reports/compiler-declassification-review.md | reports/compiler-document-register.md,https://catalog.archives.gov/id/428082073,https://s3.us-east-1.amazonaws.com/NARAprodstorage/lz/presidential-libraries/bush/gb-nsc/321498039/1991-12-12--Mitsotakis-2.pdf
,,,,121,P0 - selected-document release/search blocker,Full review of withheld portions,Cyprus,1992-03-30,Doc 2.003,"Meeting with George Vassiliou, President of Cyprus, March 30, 1992",Partial; schedule NAIDs 415891936; 415891937; source-packet context attached.,"Conduct full declassification review of withheld or redacted portions for Doc 2.003, ""Meeting with George Vassiliou, President of Cyprus, March 30, 1992"", using related source-packet context and schedule evidence where available.","[Presidential Daily Diary] 3/30/1992 - NAID 415891936 - Catalog: https://catalog.archives.gov/id/415891936 - PDF: https://s3.dualstack.us-east-1.amazonaws.com/NARAprodstorage/lz/presidential-libraries/bush/gb-whasf/Presidential_Daily_Diary_186322/1992/41-bpr-apts_sch-dd-03_30_92-12885-015_415891936.pdf || [Presidential Daily Backup] 3/30/1992 - NAID 415891937 - Catalog: https://catalog.archives.gov/id/415891937 - PDF: https://s3.dualstack.us-east-1.amazonaws.com/NARAprodstorage/lz/presidential-libraries/bush/gb-whasf/Presidential_Daily_Diary_186322/1992/41-bpr-apts_sch-dd-03_30_92-12885-016_415891937.pdf || rank 1 - Requested source pool: Presidential Daily File - RS 002-024 - 1992-03-30 to 1992-03-30 - Monday, March 30, 1992 [1] - NAID 470417673 || rank 2 - Requested source pool: Scowcroft Papers - RS 001-003 - Presidential Meetings--Memorandum of Conversations 3/3/92-4/28/92 - NAID 366551682 || rank 3 - Central Chronological Files - CC 003 - 1992-03-01 - March 1992 [3] - NAID 470761800",reports/compiler-declassification-requests.md | reports/compiler-declassification-review.md | reports/compiler-document-register.md,https://catalog.archives.gov/id/428082149,https://s3.us-east-1.amazonaws.com/NARAprodstorage/lz/presidential-libraries/bush/gb-nsc/321498039/1992-03-30--Vassiliou.pdf
,,,,123,P0 - selected-document release/search blocker,Full review of withheld portions,Turkey,1990-01-18,Doc 3.009,"Meeting with President Turgut Ozal of Turkey, January 18, 1990 (2 of 2)",Partial; schedule NAIDs 415890324; 415890325; source-packet context attached.,"Conduct full declassification review of withheld or redacted portions for Doc 3.009, ""Meeting with President Turgut Ozal of Turkey, January 18, 1990 (2 of 2)"", using related source-packet context and schedule evidence where available.",[Presidential Daily Diary] 1/18/1990 [EMPTY] - NAID 415890324 - Catalog: https://catalog.archives.gov/id/415890324 - PDF: https://s3.amazonaws.com/NARAprodstorage/lz/presidential-libraries/bush/gb-whasf/Presidential_Daily_Diary_186322/1990/41-bpr-apts_sch-dd-01_18_90-12815-015_415890324.pdf || [Presidential Daily Backup] 1/18/1990 - NAID 415890325 - Catalog: https://catalog.archives.gov/id/415890325 - PDF: https://s3.amazonaws.com/NARAprodstorage/lz/presidential-libraries/bush/gb-whasf/Presidential_Daily_Diary_186322/1990/41-bpr-apts_sch-dd-01_18_90-12815-016_415890325.pdf || rank 1 - Requested source pool: Scowcroft Papers - RS 001-007 - Presidential Meetings--Memorandum of Conversations 1/11/90-2/21/90 - NAID 366551666 || rank 2 - Central Chronological Files - CC 033 - 1990-01-01 - January 1990 [1] - NAID 470761674,reports/compiler-declassification-requests.md | reports/compiler-declassification-review.md | reports/compiler-document-register.md,https://catalog.archives.gov/id/428080437,https://s3.us-east-1.amazonaws.com/NARAprodstorage/lz/presidential-libraries/bush/gb-nsc/321498039/1990-01-18--Ozal-2.pdf
,,,,124,P0 - selected-document release/search blocker,Full review of withheld portions,Turkey,1990-08-04,Doc 3.012,"Telephone Call to President Turgut Ozal of Turkey, August 4, 1990",Partial; schedule NAIDs 415890720; 415890721; source-packet context attached.,"Conduct full declassification review of withheld or redacted portions for Doc 3.012, ""Telephone Call to President Turgut Ozal of Turkey, August 4, 1990"", using related source-packet context and schedule evidence where available.","[Presidential Daily Diary] 8/4/1990 - NAID 415890720 - Catalog: https://catalog.archives.gov/id/415890720 - PDF: https://s3.amazonaws.com/NARAprodstorage/lz/presidential-libraries/bush/gb-whasf/Presidential_Daily_Diary_186322/1990/41-bpr-apts_sch-dd-08_04_90-12833-021_415890720.pdf || [Presidential Daily Backup] 8/4/1990 - NAID 415890721 - Catalog: https://catalog.archives.gov/id/415890721 - PDF: https://s3.amazonaws.com/NARAprodstorage/lz/presidential-libraries/bush/gb-whasf/Presidential_Daily_Diary_186322/1990/41-bpr-apts_sch-dd-08_04_90-12833-022_415890721.pdf || rank 1 - Requested source pool: Presidential Daily File - RS 002-029 - 1990-08-14 to 1990-08-14 - Tuesday, August 14, 1990 - NAID 470416813 || rank 2 - Central Chronological Files - CC 055 - 1990-08-01 - August 1990 [7] - NAID 470761713 || rank 3 - Central Chronological Files - CC 057 - 1990-08-01 - August 1990 [5] - NAID 470761711",reports/compiler-declassification-requests.md | reports/compiler-declassification-review.md | reports/compiler-document-register.md,https://catalog.archives.gov/id/428080891,https://s3.us-east-1.amazonaws.com/NARAprodstorage/lz/presidential-libraries/bush/gb-nsc/321498139/1990-08-04--Ozal.pdf
,,,,131,P0 - selected-document release/search blocker,Full review of withheld portions,Turkey,1991-07-10,Doc 3.049,"Telephone Call with Turgut Ozal, President of Turkey on July 10, 1991",Partial; schedule NAIDs 415891403; 415891404; source-packet context attached.,"Conduct full declassification review of withheld or redacted portions for Doc 3.049, ""Telephone Call with Turgut Ozal, President of Turkey on July 10, 1991"", using related source-packet context and schedule evidence where available.",[Presidential Daily Diary] 7/10/1991 - NAID 415891403 - Catalog: https://catalog.archives.gov/id/415891403 - PDF: https://s3.amazonaws.com/NARAprodstorage/lz/presidential-libraries/bush/gb-whasf/Presidential_Daily_Diary_186322/1991/41-bpr-apts_sch-dd-07_10_91-12863-007_415891403.pdf || [Presidential Daily Backup] 7/10/1991 - NAID 415891404 - Catalog: https://catalog.archives.gov/id/415891404 - PDF: https://s3.amazonaws.com/NARAprodstorage/lz/presidential-libraries/bush/gb-whasf/Presidential_Daily_Diary_186322/1991/41-bpr-apts_sch-dd-07_10_91-12863-008_415891404.pdf || rank 1 - Central Chronological Files - CC 002 - 1991-07-01 - July 1991 [2] - NAID 470761766 || rank 2 - Central Chronological Files - CC 024 - 1991-07-01 - July 1991 [3] - NAID 470761767 || rank 3 - Central Chronological Files - CC 069 - 1991-07-01 - July 1991 [4] - NAID 470761768,reports/compiler-declassification-requests.md | reports/compiler-declassification-review.md | reports/compiler-document-register.md,https://catalog.archives.gov/id/428081761,https://s3.us-east-1.amazonaws.com/NARAprodstorage/lz/presidential-libraries/bush/gb-nsc/321498139/1991-07-10--Ozal.pdf
,,,,132,P0 - selected-document release/search blocker,Full review of withheld portions,Turkey,1992-05-11,Doc 3.060,"Telcon with Prime Minister Demirel of Turkey, May 11, 1992",Partial; schedule NAIDs 415892021; 415892022; source-packet context attached.,"Conduct full declassification review of withheld or redacted portions for Doc 3.060, ""Telcon with Prime Minister Demirel of Turkey, May 11, 1992"", using related source-packet context and schedule evidence where available.",[Presidential Daily Diary] 5/11/1992 - NAID 415892021 - Catalog: https://catalog.archives.gov/id/415892021 - PDF: https://s3.dualstack.us-east-1.amazonaws.com/NARAprodstorage/lz/presidential-libraries/bush/gb-whasf/Presidential_Daily_Diary_186322/1992/41-bpr-apts_sch-dd-05_11_92-12889-019_415892021.pdf || [Presidential Daily Backup] 5/11/1992 - NAID 415892022 - Catalog: https://catalog.archives.gov/id/415892022 - PDF: https://s3.dualstack.us-east-1.amazonaws.com/NARAprodstorage/lz/presidential-libraries/bush/gb-whasf/Presidential_Daily_Diary_186322/1992/41-bpr-apts_sch-dd-05_11_92-12889-020_415892022.pdf || rank 1 - Requested source pool: Scowcroft Papers - RS 001-017 - Presidential Telephone Calls--Memorandum of Conversations 4/10/92-6/30/92 - NAID 366551704 || rank 2 - Central Chronological Files - CC 005 - 1992-05-01 - May 1992 [5] - NAID 470761812 || rank 3 - Central Chronological Files - CC 054 - 1992-05-01 - May 1992 [3] - NAID 470761810,reports/compiler-declassification-requests.md | reports/compiler-declassification-review.md | reports/compiler-document-register.md,https://catalog.archives.gov/id/428082217,https://s3.us-east-1.amazonaws.com/NARAprodstorage/lz/presidential-libraries/bush/gb-nsc/321498139/1992-05-11--Demirel.pdf
,,,,133,P0 - selected-document release/search blocker,Full review of withheld portions,Turkey,1992-08-01,Doc 3.064,"Telephone Conversation with Prime Minister Suleyman Demirel of Turkey, August 1, 1992",Partial; schedule NAIDs 415892188; 415892189; source-packet context attached.,"Conduct full declassification review of withheld or redacted portions for Doc 3.064, ""Telephone Conversation with Prime Minister Suleyman Demirel of Turkey, August 1, 1992"", using related source-packet context and schedule evidence where available.","[Presidential Daily Diary] 8/1/1992 - NAID 415892188 - Catalog: https://catalog.archives.gov/id/415892188 - PDF: https://s3.dualstack.us-east-1.amazonaws.com/NARAprodstorage/lz/presidential-libraries/bush/gb-whasf/Presidential_Daily_Diary_186322/1992/41-bpr-apts_sch-dd-08_01_92-12897-009_415892188.pdf || [Presidential Daily Backup] 8/1/1992 - NAID 415892189 - Catalog: https://catalog.archives.gov/id/415892189 - PDF: https://s3.dualstack.us-east-1.amazonaws.com/NARAprodstorage/lz/presidential-libraries/bush/gb-whasf/Presidential_Daily_Diary_186322/1992/41-bpr-apts_sch-dd-08_01_92-12897-010_415892189.pdf || rank 1 - Requested source pool: Presidential Daily File - RS 002-027 - 1992-08-01 to 1992-08-01 - Saturday, August 1, 1992 - NAID 470417945 || rank 2 - Requested source pool: Scowcroft Papers - RS 001-018 - Presidential Telephone Calls--Memorandum of Conversations 7/10/92-11/5/92 - NAID 366551705",reports/compiler-declassification-requests.md | reports/compiler-declassification-review.md | reports/compiler-document-register.md,https://catalog.archives.gov/id/428082337,https://s3.us-east-1.amazonaws.com/NARAprodstorage/lz/presidential-libraries/bush/gb-nsc/321498139/1992-08-01--Demirel.pdf
,,,,142,P0 - selected-document release/search blocker,Search or existence confirmation,Turkey,1989-05-29,Doc 3.002,"Meeting with Prime Minister Turgut Ozal of Turkey, May 29, 1989 (no Memcon)",Marker / no memorandum listed; schedule NAIDs 415889856; 415889857; source-packet context attached.,"Search for, confirm, or locate the memorandum/telcon for Doc 3.002, ""Meeting with Prime Minister Turgut Ozal of Turkey, May 29, 1989 (no Memcon)"", using the attached Presidential Daily Diary/Backup references as evidence of the meeting or call.",[Presidential Daily Diary] 5/29/1989 [EMPTY] - NAID 415889856 - Catalog: https://catalog.archives.gov/id/415889856 - PDF: https://s3.amazonaws.com/NARAprodstorage/lz/presidential-libraries/bush/gb-whasf/Presidential_Daily_Diary_186322/1989/41-bpr-apts_sch-dd-05_29_98-12798-009_415889856.pdf || [Presidential Daily Backup] 5/29/1989 - NAID 415889857 - Catalog: https://catalog.archives.gov/id/415889857 - PDF: https://s3.amazonaws.com/NARAprodstorage/lz/presidential-libraries/bush/gb-whasf/Presidential_Daily_Diary_186322/1989/41-bpr-apts_sch-dd-05_29_98-12798-010_415889857.pdf || rank 1 - Blackwill Chronological Files - BC 001 - 1989-06-01 - June 1989 [6] - NAID 453248088 || rank 2 - Blackwill Chronological Files - BC 002 - 1989-07-01 - July 1989 [2] - NAID 453248091 || rank 3 - Blackwill Chronological Files - BC 003 - 1989-05-01 - May 1989 [7] - NAID 453248079,reports/compiler-declassification-requests.md | reports/compiler-declassification-review.md | reports/compiler-document-register.md,https://catalog.archives.gov/id/428082487,https://s3.us-east-1.amazonaws.com/NARAprodstorage/lz/presidential-libraries/bush/gb-nsc/321498039/1989-05-29--Ozal.pdf
,,,,145,P0 - selected-document release/search blocker,Search or existence confirmation,Turkey,1990-08-16,Doc 3.016,"Telephone Call with Turgut Ozal, August 16, 1990",Marker / no memorandum listed; schedule NAIDs 415890744; 415890745; source-packet context attached.,"Search for, confirm, or locate the memorandum/telcon for Doc 3.016, ""Telephone Call with Turgut Ozal, August 16, 1990"", using the attached Presidential Daily Diary/Backup references as evidence of the meeting or call.","[Presidential Daily Diary] 8/16/1990 [EMPTY] - NAID 415890744 - Catalog: https://catalog.archives.gov/id/415890744 - PDF: https://s3.amazonaws.com/NARAprodstorage/lz/presidential-libraries/bush/gb-whasf/Presidential_Daily_Diary_186322/1990/41-bpr-apts_sch-dd-08_16_90-12834-019_415890744.pdf || [Presidential Daily Backup] 8/16/1990 - NAID 415890745 - Catalog: https://catalog.archives.gov/id/415890745 - PDF: https://s3.amazonaws.com/NARAprodstorage/lz/presidential-libraries/bush/gb-whasf/Presidential_Daily_Diary_186322/1990/41-bpr-apts_sch-dd-08_16_90-12834-020_415890745.pdf || rank 1 - Requested source pool: Presidential Daily File - RS 002-029 - 1990-08-14 to 1990-08-14 - Tuesday, August 14, 1990 - NAID 470416813 || rank 2 - Central Chronological Files - CC 055 - 1990-08-01 - August 1990 [7] - NAID 470761713 || rank 3 - Central Chronological Files - CC 057 - 1990-08-01 - August 1990 [5] - NAID 470761711",reports/compiler-declassification-requests.md | reports/compiler-declassification-review.md | reports/compiler-document-register.md,https://catalog.archives.gov/id/428080933,https://s3.us-east-1.amazonaws.com/NARAprodstorage/lz/presidential-libraries/bush/gb-nsc/321498139/1990-08-16--Ozal.pdf
,,,,146,P0 - selected-document release/search blocker,Search or existence confirmation,Turkey,1990-12-16,Doc 3.027,"Telephone Call from Turgut Ozal, December 16, 1990",Marker / no memorandum listed; schedule NAIDs 415890990; 415890991; source-packet context attached.,"Search for, confirm, or locate the memorandum/telcon for Doc 3.027, ""Telephone Call from Turgut Ozal, December 16, 1990"", using the attached Presidential Daily Diary/Backup references as evidence of the meeting or call.",[Presidential Daily Diary] 12/16/1990 - NAID 415890990 - Catalog: https://catalog.archives.gov/id/415890990 - PDF: https://s3.amazonaws.com/NARAprodstorage/lz/presidential-libraries/bush/gb-whasf/Presidential_Daily_Diary_186322/1990/41-bpr-apts_sch-dd-12_16_90-12845-005_415890990.pdf || [Presidential Daily Backup] 12/16/1990 - NAID 415890991 - Catalog: https://catalog.archives.gov/id/415890991 - PDF: https://s3.amazonaws.com/NARAprodstorage/lz/presidential-libraries/bush/gb-whasf/Presidential_Daily_Diary_186322/1990/41-bpr-apts_sch-dd-12_16_90-12845-006_415890991.pdf || rank 1 - Requested source pool: Scowcroft Papers - RS 001-023 - Presidential Telephone Calls--Memorandum of Conversations 10/11/90-12/31/90 - NAID 366551695,reports/compiler-declassification-requests.md | reports/compiler-declassification-review.md | reports/compiler-document-register.md,https://catalog.archives.gov/id/428081251,https://s3.us-east-1.amazonaws.com/NARAprodstorage/lz/presidential-libraries/bush/gb-nsc/321498139/1990-12-16--Ozal.pdf
,,,,147,P0 - selected-document release/search blocker,Search or existence confirmation,Turkey,1991-01-16,Doc 3.031,"Telephone Call to Turgut Ozal, January 16, 1991",Marker / no memorandum listed; schedule NAIDs 415891052; 415891053; source-packet context attached.,"Search for, confirm, or locate the memorandum/telcon for Doc 3.031, ""Telephone Call to Turgut Ozal, January 16, 1991"", using the attached Presidential Daily Diary/Backup references as evidence of the meeting or call.",[Presidential Daily Diary] 1/16/1991 - NAID 415891052 - Catalog: https://catalog.archives.gov/id/415891052 - PDF: https://s3.amazonaws.com/NARAprodstorage/lz/presidential-libraries/bush/gb-whasf/Presidential_Daily_Diary_186322/1991/41-bpr-apts_sch-dd-01_16_91-12847-001_415891052.pdf || [Presidential Daily Backup] 1/16/1991 - NAID 415891053 - Catalog: https://catalog.archives.gov/id/415891053 - PDF: https://s3.amazonaws.com/NARAprodstorage/lz/presidential-libraries/bush/gb-whasf/Presidential_Daily_Diary_186322/1991/41-bpr-apts_sch-dd-01_16_91-12847-002_415891053.pdf || rank 1 - Central Chronological Files - CC 053 - 1991-01-01 - January 1991 [3] - NAID 470761737 || rank 2 - Central Chronological Files - CC 025 - 1991-01-01 - January 1991 [2] - NAID 470761736 || rank 3 - Central Chronological Files - CC 068 - 1991-01-01 - January 1991 [1] - NAID 470761735,reports/compiler-declassification-requests.md | reports/compiler-declassification-review.md | reports/compiler-document-register.md,https://catalog.archives.gov/id/428081335,https://s3.us-east-1.amazonaws.com/NARAprodstorage/lz/presidential-libraries/bush/gb-nsc/321498139/1991-01-16--Ozal.pdf
,,,,148,P0 - selected-document release/search blocker,Search or existence confirmation,Turkey,1991-03-27,Doc 3.040,"Telephone Call from Turgut Ozal, March 27, 1991",Marker / no memorandum listed; schedule NAIDs 415891192; 415891193; source-packet context attached.,"Search for, confirm, or locate the memorandum/telcon for Doc 3.040, ""Telephone Call from Turgut Ozal, March 27, 1991"", using the attached Presidential Daily Diary/Backup references as evidence of the meeting or call.",[Presidential Daily Diary] 3/27/1991 - NAID 415891192 - Catalog: https://catalog.archives.gov/id/415891192 - PDF: https://s3.amazonaws.com/NARAprodstorage/lz/presidential-libraries/bush/gb-whasf/Presidential_Daily_Diary_186322/1991/41-bpr-apts_sch-dd-03_27_91-12852-015_415891192.pdf || [Presidential Daily Backup] 3/27/1991 - NAID 415891193 - Catalog: https://catalog.archives.gov/id/415891193 - PDF: https://s3.amazonaws.com/NARAprodstorage/lz/presidential-libraries/bush/gb-whasf/Presidential_Daily_Diary_186322/1991/41-bpr-apts_sch-dd-03_27_91-12852-016_415891193.pdf || rank 1 - Central Chronological Files - CC 077 - 1991-03-01 - March 1991 [1] - NAID 470761744 || rank 2 - Central Chronological Files - CC 040 - 1991-03-01 - March 1991 [4] - NAID 470761747,reports/compiler-declassification-requests.md | reports/compiler-declassification-review.md | reports/compiler-document-register.md,https://catalog.archives.gov/id/428081553,https://s3.us-east-1.amazonaws.com/NARAprodstorage/lz/presidential-libraries/bush/gb-nsc/321498139/1991-03-27--Ozal.pdf
,,,,150,P0 - selected-document release/search blocker,Search or existence confirmation,Turkey,1991-05-07,Doc 3.046,"Telephone Call to Turgut Ozal, May 7, 1991",Marker / no memorandum listed; schedule NAIDs 415891274; 415891275; source-packet context attached.,"Search for, confirm, or locate the memorandum/telcon for Doc 3.046, ""Telephone Call to Turgut Ozal, May 7, 1991"", using the attached Presidential Daily Diary/Backup references as evidence of the meeting or call.",[Presidential Daily Diary] 5/7/1991 - NAID 415891274 - Catalog: https://catalog.archives.gov/id/415891274 - PDF: https://s3.amazonaws.com/NARAprodstorage/lz/presidential-libraries/bush/gb-whasf/Presidential_Daily_Diary_186322/1991/41-bpr-apts_sch-dd-05_07_91-12856-013_415891274.pdf || [Presidential Daily Backup] 5/7/1991 - NAID 415891275 - Catalog: https://catalog.archives.gov/id/415891275 - PDF: https://s3.amazonaws.com/NARAprodstorage/lz/presidential-libraries/bush/gb-whasf/Presidential_Daily_Diary_186322/1991/41-bpr-apts_sch-dd-05_07_91-12856-014_415891275.pdf || rank 1 - Central Chronological Files - CC 048 - 1991-05-01 - May 1991 [2] - NAID 470761757,reports/compiler-declassification-requests.md | reports/compiler-declassification-review.md | reports/compiler-document-register.md,https://catalog.archives.gov/id/428081649,https://s3.us-east-1.amazonaws.com/NARAprodstorage/lz/presidential-libraries/bush/gb-nsc/321498139/1991-05-07--Ozal.pdf
,,,,200,P1 - citation blocker,Name/title spelling variant,Regional,1991-01-30,Scout 080,"President's Daily Diary Entry, January 30, 1991",fix before citation: Found Turgat Ozal in scopeAndContentNote; review against preferred form Turgut Ozal.,Verify diary text against the PDF before using this wording in notes or names.,Found Turgat Ozal in scopeAndContentNote; review against preferred form Turgut Ozal.,reports/compiler-data-quality-audit.md | reports/compiler-data-quality-audit.csv,https://catalog.archives.gov/id/186336,https://s3.amazonaws.com/NARAprodstorage/opastorage/live/36/1863/186336/content/arcmedia/media/images/40/20/40-1983a.gif
,,,,201,P1 - citation blocker,Name/title spelling variant,Turkey,1991-02-05,Scout 037,"President's Daily Diary Entry, February 5, 1991",fix before citation: Found Turgat Ozal in scopeAndContentNote; review against preferred form Turgut Ozal.,Verify diary text against the PDF before using this wording in notes or names.,Found Turgat Ozal in scopeAndContentNote; review against preferred form Turgut Ozal.,reports/compiler-data-quality-audit.md | reports/compiler-data-quality-audit.csv,https://catalog.archives.gov/id/186342,https://s3.amazonaws.com/NARAprodstorage/opastorage/live/42/1863/186342/content/arcmedia/media/images/40/21/40-2053a.gif
,,,,202,P1 - citation blocker,Name/title spelling variant,Turkey,1991-02-05,Scout 037,"President's Daily Diary Entry, February 5, 1991",fix before citation: Found Mitterand in scopeAndContentNote; review against preferred form Mitterrand.,Verify diary text against the PDF before using this wording in notes or names.,Found Mitterand in scopeAndContentNote; review against preferred form Mitterrand.,reports/compiler-data-quality-audit.md | reports/compiler-data-quality-audit.csv,https://catalog.archives.gov/id/186342,https://s3.amazonaws.com/NARAprodstorage/opastorage/live/42/1863/186342/content/arcmedia/media/images/40/21/40-2053a.gif
,,,,203,P1 - citation blocker,Name/title spelling variant,Turkey,1991-02-22,Scout 039,"President's Daily Diary Entry, February 22, 1991",fix before citation: Found Mitterand in scopeAndContentNote; review against preferred form Mitterrand.,Verify diary text against the PDF before using this wording in notes or names.,Found Mitterand in scopeAndContentNote; review against preferred form Mitterrand.,reports/compiler-data-quality-audit.md | reports/compiler-data-quality-audit.csv,https://catalog.archives.gov/id/186359,https://s3.amazonaws.com/NARAprodstorage/opastorage/live/59/1863/186359/content/arcmedia/media/images/40/23/40-2225a.gif
,,,,204,P1 - citation blocker,Title spelling variant,Greece,1991-07-20,Scout 023,Souda Bay Naval Stationn - Crete 7/20/91 [OA 8325] [2],"fix before citation: Found Stationn in title, documentTitle, sourceNote; review against preferred form Station.",Verify whether the Catalog title contains a typo before citation or selection.,"Found Stationn in title, documentTitle, sourceNote; review against preferred form Station.",reports/compiler-data-quality-audit.md | reports/compiler-data-quality-audit.csv,https://catalog.archives.gov/id/323153447,https://s3.amazonaws.com/NARAprodstorage/lz/presidential-libraries/bush/gb-spe/speechwriting_backup_chron_579003/41-bpr-speech-backup-chron-13765-001_323153447.pdf
,,,,205,P1 - citation blocker,Filename/date mismatch,Turkey,1989-05-29,Doc 3.002 / Schedule NAID 415889856,[Presidential Daily Diary] 5/29/1989 [EMPTY],"fix before citation: Item date is 1989-05-29, but digital object filename suggests 1998-05-29: 41-bpr-apts_sch-dd-05_29_98-12798-009_415889856.pdf.",Open the Catalog/PDF and verify the correct date before citation or selection.,"Item date is 1989-05-29, but digital object filename suggests 1998-05-29: 41-bpr-apts_sch-dd-05_29_98-12798-009_415889856.pdf.",reports/compiler-data-quality-audit.md | reports/compiler-data-quality-audit.csv,https://catalog.archives.gov/id/415889856,https://s3.amazonaws.com/NARAprodstorage/lz/presidential-libraries/bush/gb-whasf/Presidential_Daily_Diary_186322/1989/41-bpr-apts_sch-dd-05_29_98-12798-009_415889856.pdf
,,,,206,P1 - citation blocker,Filename/date mismatch,Turkey,1989-05-29,Doc 3.002 / Schedule NAID 415889857,[Presidential Daily Backup] 5/29/1989,"fix before citation: Item date is 1989-05-29, but digital object filename suggests 1998-05-29: 41-bpr-apts_sch-dd-05_29_98-12798-010_415889857.pdf.",Open the Catalog/PDF and verify the correct date before citation or selection.,"Item date is 1989-05-29, but digital object filename suggests 1998-05-29: 41-bpr-apts_sch-dd-05_29_98-12798-010_415889857.pdf.",reports/compiler-data-quality-audit.md | reports/compiler-data-quality-audit.csv,https://catalog.archives.gov/id/415889857,https://s3.amazonaws.com/NARAprodstorage/lz/presidential-libraries/bush/gb-whasf/Presidential_Daily_Diary_186322/1989/41-bpr-apts_sch-dd-05_29_98-12798-010_415889857.pdf
,,,,207,P1 - citation blocker,Name/title spelling variant,Turkey,1991-01-30,Doc 3.033 / Schedule NAID 186336,"President's Daily Diary Entry, January 30, 1991",fix before citation: Found Turgat Ozal in scopeAndContentNote; review against preferred form Turgut Ozal.,Verify diary text against the PDF before using this wording in notes or names.,Found Turgat Ozal in scopeAndContentNote; review against preferred form Turgut Ozal.,reports/compiler-data-quality-audit.md | reports/compiler-data-quality-audit.csv,https://catalog.archives.gov/id/186336,https://s3.amazonaws.com/NARAprodstorage/opastorage/live/36/1863/186336/content/arcmedia/media/images/40/20/40-1983a.gif
,,,,208,P1 - citation blocker,Name/title spelling variant,Turkey,1991-01-30,Doc 3.033 / Schedule NAID 415891080,[Presidential Daily Diary] 1/30/1991,fix before citation: Found Turgat Ozal in scopeAndContentNote; review against preferred form Turgut Ozal.,Verify diary text against the PDF before using this wording in notes or names.,Found Turgat Ozal in scopeAndContentNote; review against preferred form Turgut Ozal.,reports/compiler-data-quality-audit.md | reports/compiler-data-quality-audit.csv,https://catalog.archives.gov/id/415891080,https://s3.amazonaws.com/NARAprodstorage/opastorage/live/36/1863/186336/content/arcmedia/media/images/40/20/40-1983a.gif
,,,,209,P1 - citation blocker,Name/title spelling variant,Turkey,1991-02-05,Doc 3.034 / Schedule NAID 186342,"President's Daily Diary Entry, February 5, 1991",fix before citation: Found Turgat Ozal in scopeAndContentNote; review against preferred form Turgut Ozal.,Verify diary text against the PDF before using this wording in notes or names.,Found Turgat Ozal in scopeAndContentNote; review against preferred form Turgut Ozal.,reports/compiler-data-quality-audit.md | reports/compiler-data-quality-audit.csv,https://catalog.archives.gov/id/186342,https://s3.amazonaws.com/NARAprodstorage/opastorage/live/42/1863/186342/content/arcmedia/media/images/40/21/40-2053a.gif
,,,,210,P1 - citation blocker,Name/title spelling variant,Turkey,1991-02-05,Doc 3.034 / Schedule NAID 186342,"President's Daily Diary Entry, February 5, 1991",fix before citation: Found Mitterand in scopeAndContentNote; review against preferred form Mitterrand.,Verify diary text against the PDF before using this wording in notes or names.,Found Mitterand in scopeAndContentNote; review against preferred form Mitterrand.,reports/compiler-data-quality-audit.md | reports/compiler-data-quality-audit.csv,https://catalog.archives.gov/id/186342,https://s3.amazonaws.com/NARAprodstorage/opastorage/live/42/1863/186342/content/arcmedia/media/images/40/21/40-2053a.gif
,,,,211,P1 - citation blocker,Name/title spelling variant,Turkey,1991-02-05,Doc 3.034 / Schedule NAID 415891092,[Presidential Daily Diary] 2/5/1991,fix before citation: Found Turgat Ozal in scopeAndContentNote; review against preferred form Turgut Ozal.,Verify diary text against the PDF before using this wording in notes or names.,Found Turgat Ozal in scopeAndContentNote; review against preferred form Turgut Ozal.,reports/compiler-data-quality-audit.md | reports/compiler-data-quality-audit.csv,https://catalog.archives.gov/id/415891092,https://s3.amazonaws.com/NARAprodstorage/opastorage/live/42/1863/186342/content/arcmedia/media/images/40/21/40-2053a.gif
,,,,212,P1 - citation blocker,Name/title spelling variant,Turkey,1991-02-05,Doc 3.034 / Schedule NAID 415891092,[Presidential Daily Diary] 2/5/1991,fix before citation: Found Mitterand in scopeAndContentNote; review against preferred form Mitterrand.,Verify diary text against the PDF before using this wording in notes or names.,Found Mitterand in scopeAndContentNote; review against preferred form Mitterrand.,reports/compiler-data-quality-audit.md | reports/compiler-data-quality-audit.csv,https://catalog.archives.gov/id/415891092,https://s3.amazonaws.com/NARAprodstorage/opastorage/live/42/1863/186342/content/arcmedia/media/images/40/21/40-2053a.gif
,,,,213,P1 - citation blocker,Name/title spelling variant,Turkey,1991-02-19,Doc 3.036 / Schedule NAID 415891120,[Presidential Daily Diary] 2/19/1991,fix before citation: Found Mitterand in scopeAndContentNote; review against preferred form Mitterrand.,Verify diary text against the PDF before using this wording in notes or names.,Found Mitterand in scopeAndContentNote; review against preferred form Mitterrand.,reports/compiler-data-quality-audit.md | reports/compiler-data-quality-audit.csv,https://catalog.archives.gov/id/415891120,https://s3.amazonaws.com/NARAprodstorage/opastorage/live/56/1863/186356/content/arcmedia/media/images/40/22/40-2184a.gif
,,,,214,P1 - citation blocker,Name/title spelling variant,Greece,1989-05-30,Doc 1.001,"Meeting with Andreas Papandreaou, Prime Minister of Greece, May 30, 1989","fix before citation: Found Papandreaou in title, documentTitle, sourceNote; review against preferred form Papandreou.",Verify whether to preserve the Catalog title spelling or normalize in compiler notes.,"Found Papandreaou in title, documentTitle, sourceNote; review against preferred form Papandreou.",reports/compiler-data-quality-audit.md | reports/compiler-data-quality-audit.csv,https://catalog.archives.gov/id/428082497,https://s3.us-east-1.amazonaws.com/NARAprodstorage/lz/presidential-libraries/bush/gb-nsc/321498039/1989-05-30--Papandreou.pdf
,,,,215,P1 - citation blocker,Filename/date mismatch,Turkey,1992-01-12,Doc 3.057,"Telcon with President Turgut Ozal of Turkey, January 12, 1991","fix before citation: Item date is 1992-01-12, but digital object filename suggests 1991-01-12: 1991-01-12--Ozal.pdf.",Open the Catalog/PDF and verify the correct date before citation or selection.,"Item date is 1992-01-12, but digital object filename suggests 1991-01-12: 1991-01-12--Ozal.pdf.",reports/compiler-data-quality-audit.md | reports/compiler-data-quality-audit.csv,https://catalog.archives.gov/id/428082117,https://s3.us-east-1.amazonaws.com/NARAprodstorage/lz/presidential-libraries/bush/gb-nsc/321498139/1991-01-12--Ozal.pdf
,,,,316,P1 - metadata/source review,Suspect date token in title,Turkey,1989-01-01,Scout 048,Turkey 7/19/20 [OA 8325],"review: Title contains 7/19/20, which may be a truncated or miscoded Bush-era date.",Verify the title/date against the PDF and Catalog record before relying on this lead.,"Title contains 7/19/20, which may be a truncated or miscoded Bush-era date.",reports/compiler-data-quality-audit.md | reports/compiler-data-quality-audit.csv,https://catalog.archives.gov/id/323153443,https://s3.amazonaws.com/NARAprodstorage/lz/presidential-libraries/bush/gb-spe/speechwriting_backup_chron_579003/41-bpr-speech-backup-chron-13764-009_323153443.pdf
,,,,403,P2 - selection gap/source-packet review,Potential gap-fill addition,Cyprus,1992-01-01,CC 021,January 1992 [2],Thin selected chronology: 3 selected records versus 24 Central leads and 74 requested-pool leads. Open first 01. Memorandum To: Brent Scowcroft From: Jane Holl 1/30/92 (b1) vA Re: Cyprus (2 pp.) | 07. Memorandum To: Brent Scowcroft From: Jane Holl 1/28/92 (bl) Re: Cyprus (2 pp.) | To: Brent Scowcroft From: Jane Holl Re: Meet... No selected-document crosswalk match above threshold.,"Open CC 021; record include, exclude, context-only, or follow-up decision in the selection worksheet.",01. Memorandum To: Brent Scowcroft From: Jane Holl 1/30/92 (b1) vA Re: Cyprus (2 pp.) | 07. Memorandum To: Brent Scowcroft From: Jane Holl 1/28/92 (bl) Re: Cyprus (2 pp.) | To: Brent Scowcroft From: Jane Holl Re: Meeting with Greek Foreign Minister (2 pp.) | Mitsotakis + telcon | Mitsotakis + memorandum of conversation | Vassiliou + telcon | Cyprus / Denktash / Vassiliou | Denktash + memorandum | Demirel + telcon | Greek-Turkish + memorandum | Greece / Turkey / Cyprus + telcon,reports/compiler-gap-fill-candidates.md | reports/compiler-selection-worksheet.csv | reports/compiler-next-review-queue.md,https://catalog.archives.gov/id/470761791,https://s3.dualstack.us-east-1.amazonaws.com/NARAprodstorage/lz/presidential-libraries/bush/gb-nsc/euro_eura_dir_374000108/41-bpr-nsc-euro_eura-cen_chron-30522-006.pdf
,,,,404,P2 - selection gap/source-packet review,Potential gap-fill addition,Cyprus,1989-03-01,BC 007,March 1989 [4],"Thin selected chronology: 3 selected records versus 24 Central leads and 74 requested-pool leads. Open first When President Vassiliou was elected in February 1988, he evoked | high expectations that he would take a fresh look at the Cyprus | problem. He met with then-President Reagan in August and has had | Cyprus | Cypriot ... No selected-document crosswalk match above threshold.","Open BC 007; record include, exclude, context-only, or follow-up decision in the selection worksheet.","When President Vassiliou was elected in February 1988, he evoked | high expectations that he would take a fresh look at the Cyprus | problem. He met with then-President Reagan in August and has had | Cyprus | Cypriot | Vassiliou | Vassiliou + Cyprus | Denktash | Turkey | Turkish | Ozal",reports/compiler-gap-fill-candidates.md | reports/compiler-selection-worksheet.csv | reports/compiler-next-review-queue.md,https://catalog.archives.gov/id/453248061,https://s3.dualstack.us-east-1.amazonaws.com/NARAprodstorage/lz/presidential-libraries/bush/gb-nsc/blackwill/chron_2554659/41-bpr-nsc-blackwill_chron-30541-003.pdf
,,,,405,P2 - selection gap/source-packet review,Potential gap-fill addition,Cyprus,,RS 001-004,Presidential Meetings--Memorandum of Conversations 2/1/92-2/27/92,Thin selected chronology: 3 selected records versus 24 Central leads and 74 requested-pool leads. High-value source pool Greece | Greek | Mitsotakis | Cyprus | Denktash | Turkey | Turkish | Demirel | PKK | Aegean No selected-document crosswalk match above threshold.,"Open RS 001-004; record include, exclude, context-only, or follow-up decision in the selection worksheet.",Greece | Greek | Mitsotakis | Cyprus | Denktash | Turkey | Turkish | Demirel | PKK | Aegean,reports/compiler-gap-fill-candidates.md | reports/compiler-selection-worksheet.csv | reports/compiler-next-review-queue.md,https://catalog.archives.gov/id/366551681,https://s3.amazonaws.com/NARAprodstorage/lz/presidential-libraries/bush/gb-gbs/4545941/41-bpr-scow-pcor-memcon-91109-006.pdf
,,,,406,P2 - selection gap/source-packet review,Potential gap-fill addition,Cyprus,,RS 001-012,Other (July 1989),Thin selected chronology: 3 selected records versus 24 Central leads and 74 requested-pool leads. High-value source pool Greece | Greek | Papandreou | Cyprus | Cypriot | Vassiliou | Denktash | Turkish | Ozal | memcon No selected-document crosswalk match above threshold.,"Open RS 001-012; record include, exclude, context-only, or follow-up decision in the selection worksheet.",Greece | Greek | Papandreou | Cyprus | Cypriot | Vassiliou | Denktash | Turkish | Ozal | memcon,reports/compiler-gap-fill-candidates.md | reports/compiler-selection-worksheet.csv | reports/compiler-next-review-queue.md,https://catalog.archives.gov/id/366551995,https://s3.amazonaws.com/NARAprodstorage/lz/presidential-libraries/bush/gb-gbs/4708326/41-bpr-scow-chron-91148-006.pdf
,,,,407,P2 - selection gap/source-packet review,Potential gap-fill addition,Cyprus,,RS 001-020,Presidential Meetings--Memorandum of Conversations 5/1/92-6/17/92,Thin selected chronology: 3 selected records versus 24 Central leads and 74 requested-pool leads. High-value source pool Greek | Cyprus | Vassiliou | Denktash | Demirel | Eastern Mediterranean | memcon | memorandum of conversation No selected-document crosswalk match above threshold.,"Open RS 001-020; record include, exclude, context-only, or follow-up decision in the selection worksheet.",Greek | Cyprus | Vassiliou | Denktash | Demirel | Eastern Mediterranean | memcon | memorandum of conversation,reports/compiler-gap-fill-candidates.md | reports/compiler-selection-worksheet.csv | reports/compiler-next-review-queue.md,https://catalog.archives.gov/id/366551683,https://s3.amazonaws.com/NARAprodstorage/lz/presidential-libraries/bush/gb-gbs/4545941/41-bpr-scow-pcor-memcon-91109-008.pdf
,,,,408,P2 - selection gap/source-packet review,Potential gap-fill addition,Cyprus,,RS 001-021,Desert Shield/Desert Storm (November 1990) [2],Thin selected chronology: 3 selected records versus 24 Central leads and 74 requested-pool leads. High-value source pool Greek | Mitsotakis | Cyprus | Turkey | Turkish | Ozal | Greece / Turkey / Cyprus | telcon No selected-document crosswalk match above threshold.,"Open RS 001-021; record include, exclude, context-only, or follow-up decision in the selection worksheet.",Greek | Mitsotakis | Cyprus | Turkey | Turkish | Ozal | Greece / Turkey / Cyprus | telcon,reports/compiler-gap-fill-candidates.md | reports/compiler-selection-worksheet.csv | reports/compiler-next-review-queue.md,https://catalog.archives.gov/id/366551964,https://s3.amazonaws.com/NARAprodstorage/lz/presidential-libraries/bush/gb-gbs/4708319/41-bpr-scow-dsds-chr-91145-001.pdf
,,,,409,P2 - selection gap/source-packet review,Potential gap-fill addition,Cyprus,,RS 001-024,Presidential Meetings--Memorandum of Conversations 7/24/91-9/24/91,Thin selected chronology: 3 selected records versus 24 Central leads and 74 requested-pool leads. High-value source pool Mitsotakis | Cyprus | Denktash | Yilmaz | Greece / Turkey / Cyprus | memcon | memorandum of conversation No selected-document crosswalk match above threshold.,"Open RS 001-024; record include, exclude, context-only, or follow-up decision in the selection worksheet.",Mitsotakis | Cyprus | Denktash | Yilmaz | Greece / Turkey / Cyprus | memcon | memorandum of conversation,reports/compiler-gap-fill-candidates.md | reports/compiler-selection-worksheet.csv | reports/compiler-next-review-queue.md,https://catalog.archives.gov/id/366551677,https://s3.amazonaws.com/NARAprodstorage/lz/presidential-libraries/bush/gb-gbs/4545941/41-bpr-scow-pcor-memcon-91109-002.pdf
,,,,410,P2 - selection gap/source-packet review,Potential gap-fill addition,Cyprus,,RS 001-006,Presidential Listing of 1989-1992 Meetings/Telephone Calls,Thin selected chronology: 3 selected records versus 24 Central leads and 74 requested-pool leads. High-value source pool Greece | Papandreou | Mitsotakis | Zolotas | Cyprus | Vassiliou | Turkey | Ozal | Demirel | Yilmaz No selected-document crosswalk match above threshold.,"Open RS 001-006; record include, exclude, context-only, or follow-up decision in the selection worksheet.",Greece | Papandreou | Mitsotakis | Zolotas | Cyprus | Vassiliou | Turkey | Ozal | Demirel | Yilmaz,reports/compiler-gap-fill-candidates.md | reports/compiler-selection-worksheet.csv | reports/compiler-next-review-queue.md,https://catalog.archives.gov/id/366552177,https://s3.dualstack.us-east-1.amazonaws.com/NARAprodstorage/lz/presidential-libraries/bush/gb-gbs/74785770/41-bpr-scow-admin-85038-002.pdf
,,,,411,P2 - selection gap/source-packet review,Context for selected record; screen for additional documents,Cyprus,1991-08-01,CC 028,August 1991 [2],Thin selected chronology: 3 selected records versus 24 Central leads and 74 requested-pool leads. Open first 02b. Memorandum To: Brent Scowcroft From: David Gompert 8/3/91 (b)(1) S Re: Cyprus (2 pp.) | 04. Memorandum To: Brent Scowcroft From: David Gompert 8/5/91 (b)(1) S Re: Cyprus (1 pp.) | 05a. Memorandum To: Brent Scowcr... Already crosswalks to Doc 3.054; open for surrounding or enclosed material.,"Open CC 028; record include, exclude, context-only, or follow-up decision in the selection worksheet.",02b. Memorandum To: Brent Scowcroft From: David Gompert 8/3/91 (b)(1) S Re: Cyprus (2 pp.) | 04. Memorandum To: Brent Scowcroft From: David Gompert 8/5/91 (b)(1) S Re: Cyprus (1 pp.) | 05a. Memorandum To: Brent Scowcroft From: David Gompert 8/2/91 yt) go Re: Presidential Message to Vassiliou (1 pp.) | Vassiliou + memcon | Vassiliou + telcon | Cyprus / Denktash / Vassiliou | Denktash + memorandum | Ozal + memcon | Ozal + telcon | Greek-Turkish + memorandum | Cyprus + memorandum of conversation,reports/compiler-gap-fill-candidates.md | reports/compiler-selection-worksheet.csv | reports/compiler-next-review-queue.md,https://catalog.archives.gov/id/470761771,https://s3.dualstack.us-east-1.amazonaws.com/NARAprodstorage/lz/presidential-libraries/bush/gb-nsc/euro_eura_dir_374000108/41-bpr-nsc-euro_eura-cen_chron-30519-001.pdf
,,,,412,P2 - selection gap/source-packet review,Context for selected record; screen for additional documents,Cyprus,1992-12-01,CC 029,December 1992 [4],"Thin selected chronology: 3 selected records versus 24 Central leads and 74 requested-pool leads. Open first 02h. Paper Maintaining Our New Strategic Relationship with Turkey (1 pp.) n.d. (bX 1) vA | 02i. Paper Settline the Cyprus Problem (1 pp.) n.d. ot ) vA | 02j. Paper Bosnia (1 pp.) n.d. (yf) g | Vassiliou + telcon | Cyp... Already crosswalks to Doc 3.065, Doc 3.066; open for surrounding or enclosed material.","Open CC 029; record include, exclude, context-only, or follow-up decision in the selection worksheet.",02h. Paper Maintaining Our New Strategic Relationship with Turkey (1 pp.) n.d. (bX 1) vA | 02i. Paper Settline the Cyprus Problem (1 pp.) n.d. ot ) vA | 02j. Paper Bosnia (1 pp.) n.d. (yf) g | Vassiliou + telcon | Cyprus / Denktash / Vassiliou | Denktash + memorandum | Ozal + telcon | Demirel + telcon | Greek-Turkish + memorandum | Greece / Turkey / Cyprus + telcon | Cyprus + memorandum of conversation,reports/compiler-gap-fill-candidates.md | reports/compiler-selection-worksheet.csv | reports/compiler-next-review-queue.md,https://catalog.archives.gov/id/470761838,https://s3.dualstack.us-east-1.amazonaws.com/NARAprodstorage/lz/presidential-libraries/bush/gb-nsc/euro_eura_dir_374000108/41-bpr-nsc-euro_eura-cen_chron-30531-004.pdf
,,,,458,P2 - selection gap/source-packet review,Potential gap-fill addition,Regional,,RS 001-004,Presidential Meetings--Memorandum of Conversations 2/1/92-2/27/92,"Largest apparent gap: 1 selected record versus 39 Scout, 40 Central, 41 Blackwill Chron, 17 Gates, and 59 requested-pool leads. High-value source pool Greece | Greek | Mitsotakis | Cyprus | Denktash | Turkey | Turkish | Demirel | PKK | Aegean No selected-document crosswalk match above threshold.","Open RS 001-004; record include, exclude, context-only, or follow-up decision in the selection worksheet.",Greece | Greek | Mitsotakis | Cyprus | Denktash | Turkey | Turkish | Demirel | PKK | Aegean,reports/compiler-gap-fill-candidates.md | reports/compiler-selection-worksheet.csv | reports/compiler-next-review-queue.md,https://catalog.archives.gov/id/366551681,https://s3.amazonaws.com/NARAprodstorage/lz/presidential-libraries/bush/gb-gbs/4545941/41-bpr-scow-pcor-memcon-91109-006.pdf
,,,,459,P2 - selection gap/source-packet review,Potential gap-fill addition,Regional,,RS 001-020,Presidential Meetings--Memorandum of Conversations 5/1/92-6/17/92,"Largest apparent gap: 1 selected record versus 39 Scout, 40 Central, 41 Blackwill Chron, 17 Gates, and 59 requested-pool leads. High-value source pool Greek | Cyprus | Vassiliou | Denktash | Demirel | Eastern Mediterranean | memcon | memorandum of conversation No selected-document crosswalk match above threshold.","Open RS 001-020; record include, exclude, context-only, or follow-up decision in the selection worksheet.",Greek | Cyprus | Vassiliou | Denktash | Demirel | Eastern Mediterranean | memcon | memorandum of conversation,reports/compiler-gap-fill-candidates.md | reports/compiler-selection-worksheet.csv | reports/compiler-next-review-queue.md,https://catalog.archives.gov/id/366551683,https://s3.amazonaws.com/NARAprodstorage/lz/presidential-libraries/bush/gb-gbs/4545941/41-bpr-scow-pcor-memcon-91109-008.pdf
,,,,460,P2 - selection gap/source-packet review,Potential gap-fill addition,Regional,,RS 001-021,Desert Shield/Desert Storm (November 1990) [2],"Largest apparent gap: 1 selected record versus 39 Scout, 40 Central, 41 Blackwill Chron, 17 Gates, and 59 requested-pool leads. High-value source pool Greek | Mitsotakis | Cyprus | Turkey | Turkish | Ozal | Greece / Turkey / Cyprus | telcon No selected-document crosswalk match above threshold.","Open RS 001-021; record include, exclude, context-only, or follow-up decision in the selection worksheet.",Greek | Mitsotakis | Cyprus | Turkey | Turkish | Ozal | Greece / Turkey / Cyprus | telcon,reports/compiler-gap-fill-candidates.md | reports/compiler-selection-worksheet.csv | reports/compiler-next-review-queue.md,https://catalog.archives.gov/id/366551964,https://s3.amazonaws.com/NARAprodstorage/lz/presidential-libraries/bush/gb-gbs/4708319/41-bpr-scow-dsds-chr-91145-001.pdf
,,,,461,P2 - selection gap/source-packet review,Potential gap-fill addition,Regional,1989-04-01,BC 006,April 1989 [2],"Largest apparent gap: 1 selected record versus 39 Scout, 40 Central, 41 Blackwill Chron, 17 Gates, and 59 requested-pool leads. High-value source pool Greece | Greek | Papandreou | Cyprus | Cypriot | Turkey | Turkish | Ozal No selected-document crosswalk match above threshold.","Open BC 006; record include, exclude, context-only, or follow-up decision in the selection worksheet.",Greece | Greek | Papandreou | Cyprus | Cypriot | Turkey | Turkish | Ozal,reports/compiler-gap-fill-candidates.md | reports/compiler-selection-worksheet.csv | reports/compiler-next-review-queue.md,https://catalog.archives.gov/id/453248066,https://s3.dualstack.us-east-1.amazonaws.com/NARAprodstorage/lz/presidential-libraries/bush/gb-nsc/blackwill/chron_2554659/41-bpr-nsc-blackwill_chron-30542-002.pdf
,,,,462,P2 - selection gap/source-packet review,Potential gap-fill addition,Regional,,RS 001-024,Presidential Meetings--Memorandum of Conversations 7/24/91-9/24/91,"Largest apparent gap: 1 selected record versus 39 Scout, 40 Central, 41 Blackwill Chron, 17 Gates, and 59 requested-pool leads. High-value source pool Mitsotakis | Cyprus | Denktash | Yilmaz | Greece / Turkey / Cyprus | memcon | memorandum of conversation No selected-document crosswalk match above threshold.","Open RS 001-024; record include, exclude, context-only, or follow-up decision in the selection worksheet.",Mitsotakis | Cyprus | Denktash | Yilmaz | Greece / Turkey / Cyprus | memcon | memorandum of conversation,reports/compiler-gap-fill-candidates.md | reports/compiler-selection-worksheet.csv | reports/compiler-next-review-queue.md,https://catalog.archives.gov/id/366551677,https://s3.amazonaws.com/NARAprodstorage/lz/presidential-libraries/bush/gb-gbs/4545941/41-bpr-scow-pcor-memcon-91109-002.pdf
,,,,463,P2 - selection gap/source-packet review,Potential gap-fill addition,Regional,,RS 001-006,Presidential Listing of 1989-1992 Meetings/Telephone Calls,"Largest apparent gap: 1 selected record versus 39 Scout, 40 Central, 41 Blackwill Chron, 17 Gates, and 59 requested-pool leads. High-value source pool Greece | Papandreou | Mitsotakis | Zolotas | Cyprus | Vassiliou | Turkey | Ozal | Demirel | Yilmaz No selected-document crosswalk match above threshold.","Open RS 001-006; record include, exclude, context-only, or follow-up decision in the selection worksheet.",Greece | Papandreou | Mitsotakis | Zolotas | Cyprus | Vassiliou | Turkey | Ozal | Demirel | Yilmaz,reports/compiler-gap-fill-candidates.md | reports/compiler-selection-worksheet.csv | reports/compiler-next-review-queue.md,https://catalog.archives.gov/id/366552177,https://s3.dualstack.us-east-1.amazonaws.com/NARAprodstorage/lz/presidential-libraries/bush/gb-gbs/74785770/41-bpr-scow-admin-85038-002.pdf
,,,,464,P2 - selection gap/source-packet review,Potential gap-fill addition,Regional,,RS 001-030,Presidential Meetings--Memorandum of Conversations 1/24/89-2/25/89,"Largest apparent gap: 1 selected record versus 39 Scout, 40 Central, 41 Blackwill Chron, 17 Gates, and 59 requested-pool leads. High-value source pool Greek | Papandreou | Cyprus | Greece / Turkey / Cyprus | memcon | memorandum of conversation | telephone conversation No selected-document crosswalk match above threshold.","Open RS 001-030; record include, exclude, context-only, or follow-up decision in the selection worksheet.",Greek | Papandreou | Cyprus | Greece / Turkey / Cyprus | memcon | memorandum of conversation | telephone conversation,reports/compiler-gap-fill-candidates.md | reports/compiler-selection-worksheet.csv | reports/compiler-next-review-queue.md,https://catalog.archives.gov/id/366551660,https://s3.amazonaws.com/NARAprodstorage/lz/presidential-libraries/bush/gb-gbs/4545941/41-bpr-scow-pcor-memcon-91107-001.pdf
,,,,465,P2 - selection gap/source-packet review,Potential gap-fill addition,Regional,,RS 001-009,Desert Shield/Desert Storm (September 1990) Part I [2],"Largest apparent gap: 1 selected record versus 39 Scout, 40 Central, 41 Blackwill Chron, 17 Gates, and 59 requested-pool leads. High-value source pool Greece | Greek | Papandreou | Mitsotakis | Cyprus | Turkey | Turkish | Ozal | Yilmaz | Aegean No selected-document crosswalk match above threshold.","Open RS 001-009; record include, exclude, context-only, or follow-up decision in the selection worksheet.",Greece | Greek | Papandreou | Mitsotakis | Cyprus | Turkey | Turkish | Ozal | Yilmaz | Aegean,reports/compiler-gap-fill-candidates.md | reports/compiler-selection-worksheet.csv | reports/compiler-next-review-queue.md,https://catalog.archives.gov/id/366551957,https://s3.amazonaws.com/NARAprodstorage/lz/presidential-libraries/bush/gb-gbs/4708319/41-bpr-scow-dsds-chr-91144-002.pdf
,,,,466,P2 - selection gap/source-packet review,Potential gap-fill addition,Regional,1993-01-05 to 1993-01-05,RS 002-001,"Tuesday, January 5, 1993 [2]","Largest apparent gap: 1 selected record versus 39 Scout, 40 Central, 41 Blackwill Chron, 17 Gates, and 59 requested-pool leads. High-value source pool Greece | Greek | Mitsotakis | Cyprus | Cypriot | Vassiliou | Denktash | Turkey | Turkish | Demirel No selected-document crosswalk match above threshold.","Open RS 002-001; record include, exclude, context-only, or follow-up decision in the selection worksheet.",Greece | Greek | Mitsotakis | Cyprus | Cypriot | Vassiliou | Denktash | Turkey | Turkish | Demirel,reports/compiler-gap-fill-candidates.md | reports/compiler-selection-worksheet.csv | reports/compiler-next-review-queue.md,https://catalog.archives.gov/id/470418284,https://s3.amazonaws.com/NARAprodstorage/lz/presidential-libraries/bush/gb-gbpp/Pres_Daily_Files_595141/1993/41-bpr-ootp-daily_files-90746-009.pdf
,,,,467,P2 - selection gap/source-packet review,Potential gap-fill addition,Regional,1989-07-31 to 1989-07-31,RS 002-020,"Monday, July 31, 1989","Largest apparent gap: 1 selected record versus 39 Scout, 40 Central, 41 Blackwill Chron, 17 Gates, and 59 requested-pool leads. High-value source pool Cypriot | Denktash | Turkey | Turkish | Greece / Turkey / Cyprus | telephone conversation No selected-document crosswalk match above threshold.","Open RS 002-020; record include, exclude, context-only, or follow-up decision in the selection worksheet.",Cypriot | Denktash | Turkey | Turkish | Greece / Turkey / Cyprus | telephone conversation,reports/compiler-gap-fill-candidates.md | reports/compiler-selection-worksheet.csv | reports/compiler-next-review-queue.md,https://catalog.archives.gov/id/470416373,https://s3.amazonaws.com/NARAprodstorage/lz/presidential-libraries/bush/gb-gbpp/Pres_Daily_Files_595141/1989/41-bpr-ootp-daily_files-90518-006.pdf
,,,,493,P2 - selection gap/source-packet review,Potential gap-fill addition,Turkey,1992-02-01,CC 045,February 1992 [4],Supplemental check: 66 selected records; screen high-signal source packets for missed context or appendices. Open first 05b. Memorandum To: President Bush From: Brent Scowcroft n.d. (4!) vA Re: Letter to Demirel (1 pp.) | Re: Letter to Demirel (1 pp.) 06. Report Government Report (1 pp.) 2/7/92 (b)(1) | 06. Report Government Report (1 ... No selected-document crosswalk match above threshold.,"Open CC 045; record include, exclude, context-only, or follow-up decision in the selection worksheet.",05b. Memorandum To: President Bush From: Brent Scowcroft n.d. (4!) vA Re: Letter to Demirel (1 pp.) | Re: Letter to Demirel (1 pp.) 06. Report Government Report (1 pp.) 2/7/92 (b)(1) | 06. Report Government Report (1 pp.) 2/7/92 (b)(1) | Demirel + memcon | Demirel + telcon | Greek-Turkish + memorandum | Greece / Turkey / Cyprus + memcon | Greece / Turkey / Cyprus + telcon | Cyprus + memorandum of conversation | Turkey + memorandum of conversation,reports/compiler-gap-fill-candidates.md | reports/compiler-selection-worksheet.csv | reports/compiler-next-review-queue.md,https://catalog.archives.gov/id/470761797,https://s3.dualstack.us-east-1.amazonaws.com/NARAprodstorage/lz/presidential-libraries/bush/gb-nsc/euro_eura_dir_374000108/41-bpr-nsc-euro_eura-cen_chron-30523-006.pdf
,,,,494,P2 - selection gap/source-packet review,Potential gap-fill addition,Turkey,1989-06-01,BC 012,June 1989 [1],Supplemental check: 66 selected records; screen high-signal source packets for missed context or appendices. Open first SUBJECT: Telephone Call to Prime Minister Ozal | of Turkey | Telephone Call to Turkish Prime Minister | Greek | Cyprus | Turkey | Turkish | Ozal | Ozal + Turkey | memcon | memorandum of conversation No selected-document crosswalk match above threshold.,"Open BC 012; record include, exclude, context-only, or follow-up decision in the selection worksheet.",SUBJECT: Telephone Call to Prime Minister Ozal | of Turkey | Telephone Call to Turkish Prime Minister | Greek | Cyprus | Turkey | Turkish | Ozal | Ozal + Turkey | memcon | memorandum of conversation,reports/compiler-gap-fill-candidates.md | reports/compiler-selection-worksheet.csv | reports/compiler-next-review-queue.md,https://catalog.archives.gov/id/453248083,https://s3.dualstack.us-east-1.amazonaws.com/NARAprodstorage/lz/presidential-libraries/bush/gb-nsc/blackwill/chron_2554659/41-bpr-nsc-blackwill_chron-30545-001.pdf
,,,,495,P2 - selection gap/source-packet review,Potential gap-fill addition,Turkey,1989-06-01,BC 008,June 1989 [7],Supplemental check: 66 selected records; screen high-signal source packets for missed context or appendices. Open first SUBJECT: Telephone Call to Prime Minister Ozal | of Turkey | Telephone Call to Turkish Prime Minister | Greece | Greek | Mitsotakis | Cyprus | Turkey | Turkish | Ozal | Ozal + Turkey No selected-document crosswalk match above threshold.,"Open BC 008; record include, exclude, context-only, or follow-up decision in the selection worksheet.",SUBJECT: Telephone Call to Prime Minister Ozal | of Turkey | Telephone Call to Turkish Prime Minister | Greece | Greek | Mitsotakis | Cyprus | Turkey | Turkish | Ozal | Ozal + Turkey,reports/compiler-gap-fill-candidates.md | reports/compiler-selection-worksheet.csv | reports/compiler-next-review-queue.md,https://catalog.archives.gov/id/453248089,https://s3.dualstack.us-east-1.amazonaws.com/NARAprodstorage/lz/presidential-libraries/bush/gb-nsc/blackwill/chron_2554659/41-bpr-nsc-blackwill_chron-30545-007.pdf
,,,,496,P2 - selection gap/source-packet review,Potential gap-fill addition,Turkey,1992-10-01,CC 078,October 1992 [4],Supplemental check: 66 selected records; screen high-signal source packets for missed context or appendices. Open first 10. Telcon Memorandum of Telephone Conversation with Prime Minister 10/2/92 (of) f Demirel of Turkey (2 pp.) | Demirel of Turkey (2 pp.) | llc. Talking Points Points to be Made for Telephone Conversation with Presiden... No selected-document crosswalk match above threshold.,"Open CC 078; record include, exclude, context-only, or follow-up decision in the selection worksheet.",10. Telcon Memorandum of Telephone Conversation with Prime Minister 10/2/92 (of) f Demirel of Turkey (2 pp.) | Demirel of Turkey (2 pp.) | llc. Talking Points Points to be Made for Telephone Conversation with President n.d. oh) Z Ozal and Prime Minister Demirel of Turkey (1 pp.) | Ozal + telcon | Demirel + telcon | Turkey + memorandum of conversation,reports/compiler-gap-fill-candidates.md | reports/compiler-selection-worksheet.csv | reports/compiler-next-review-queue.md,https://catalog.archives.gov/id/470761832,https://s3.dualstack.us-east-1.amazonaws.com/NARAprodstorage/lz/presidential-libraries/bush/gb-nsc/euro_eura_dir_374000108/41-bpr-nsc-euro_eura-cen_chron-30530-003.pdf
,,,,497,P2 - selection gap/source-packet review,Potential gap-fill addition,Turkey,,RS 001-004,Presidential Meetings--Memorandum of Conversations 2/1/92-2/27/92,Supplemental check: 66 selected records; screen high-signal source packets for missed context or appendices. High-value source pool Greece | Greek | Mitsotakis | Cyprus | Denktash | Turkey | Turkish | Demirel | PKK | Aegean No selected-document crosswalk match above threshold.,"Open RS 001-004; record include, exclude, context-only, or follow-up decision in the selection worksheet.",Greece | Greek | Mitsotakis | Cyprus | Denktash | Turkey | Turkish | Demirel | PKK | Aegean,reports/compiler-gap-fill-candidates.md | reports/compiler-selection-worksheet.csv | reports/compiler-next-review-queue.md,https://catalog.archives.gov/id/366551681,https://s3.amazonaws.com/NARAprodstorage/lz/presidential-libraries/bush/gb-gbs/4545941/41-bpr-scow-pcor-memcon-91109-006.pdf
,,,,520,P2 - selection gap/source-packet review,Potential gap-fill addition,Greece,1990-03-01,BC 020,Mar-90,"Supplemental check: 14 selected records; screen high-signal source packets for missed context or appendices. Open first consensus. | Aegean No None None Turkey probably will not support sanctions. Little change, except for Greece where new | Greece may follow EC consensus. conservative government may be more | Greece | Turkey | Aegean ... No selected-document crosswalk match above threshold.","Open BC 020; record include, exclude, context-only, or follow-up decision in the selection worksheet.","consensus. | Aegean No None None Turkey probably will not support sanctions. Little change, except for Greece where new | Greece may follow EC consensus. conservative government may be more | Greece | Turkey | Aegean | memorandum of conversation | telephone conversation",reports/compiler-gap-fill-candidates.md | reports/compiler-selection-worksheet.csv | reports/compiler-next-review-queue.md,https://catalog.archives.gov/id/453248108,https://s3.dualstack.us-east-1.amazonaws.com/NARAprodstorage/lz/presidential-libraries/bush/gb-nsc/blackwill/chron_2554659/41-bpr-nsc-blackwill_chron-30547-012.pdf
,,,,521,P2 - selection gap/source-packet review,Potential gap-fill addition,Greece,,RS 001-004,Presidential Meetings--Memorandum of Conversations 2/1/92-2/27/92,Supplemental check: 14 selected records; screen high-signal source packets for missed context or appendices. High-value source pool Greece | Greek | Mitsotakis | Cyprus | Denktash | Turkey | Turkish | Demirel | PKK | Aegean No selected-document crosswalk match above threshold.,"Open RS 001-004; record include, exclude, context-only, or follow-up decision in the selection worksheet.",Greece | Greek | Mitsotakis | Cyprus | Denktash | Turkey | Turkish | Demirel | PKK | Aegean,reports/compiler-gap-fill-candidates.md | reports/compiler-selection-worksheet.csv | reports/compiler-next-review-queue.md,https://catalog.archives.gov/id/366551681,https://s3.amazonaws.com/NARAprodstorage/lz/presidential-libraries/bush/gb-gbs/4545941/41-bpr-scow-pcor-memcon-91109-006.pdf
,,,,522,P2 - selection gap/source-packet review,Potential gap-fill addition,Greece,,RS 001-012,Other (July 1989),Supplemental check: 14 selected records; screen high-signal source packets for missed context or appendices. High-value source pool Greece | Greek | Papandreou | Cyprus | Cypriot | Vassiliou | Denktash | Turkish | Ozal | memcon No selected-document crosswalk match above threshold.,"Open RS 001-012; record include, exclude, context-only, or follow-up decision in the selection worksheet.",Greece | Greek | Papandreou | Cyprus | Cypriot | Vassiliou | Denktash | Turkish | Ozal | memcon,reports/compiler-gap-fill-candidates.md | reports/compiler-selection-worksheet.csv | reports/compiler-next-review-queue.md,https://catalog.archives.gov/id/366551995,https://s3.amazonaws.com/NARAprodstorage/lz/presidential-libraries/bush/gb-gbs/4708326/41-bpr-scow-chron-91148-006.pdf
,,,,600,P3 - source-pool coverage caveat,covered with caveat,Cross-chapter,,NAID 4522156,Scowcroft Papers,30 EastMed leads retained; 30 query-hit files; online child total 676.,Catalog returned HTML for q=*&ancestorNaId=4522156&limit=200,data/requested-source-series.json | reports/requested-source-series-eastmed.json | reports/compiler-next-review-queue.md | reports/compiler-gap-fill-candidates.md,reports/compiler-source-coverage.md | reports/requested-source-series-eastmed.json,https://catalog.archives.gov/id/4522156,
,,,,601,P3 - source-pool coverage caveat,covered with caveat,Cross-chapter,,NAID 312293887,NSC,30 EastMed leads retained; 30 query-hit files; online child total 90.,Catalog returned HTML for q=*&ancestorNaId=312293887&limit=200,data/requested-source-series.json | reports/requested-source-series-eastmed.json | reports/compiler-next-review-queue.md | reports/compiler-gap-fill-candidates.md,reports/compiler-source-coverage.md | reports/requested-source-series-eastmed.json,https://catalog.archives.gov/id/312293887,
,,,,602,P3 - source-pool coverage caveat,covered with caveat,Cross-chapter,,NAID 312294079,NSC/DC Meetings,30 EastMed leads retained; 30 query-hit files; online child total 479.,Catalog returned HTML for q=*&ancestorNaId=312294079&limit=200,data/requested-source-series.json | reports/requested-source-series-eastmed.json | reports/compiler-next-review-queue.md | reports/compiler-gap-fill-candidates.md,reports/compiler-source-coverage.md | reports/requested-source-series-eastmed.json,https://catalog.archives.gov/id/312294079,
,,,,603,P3 - source-pool coverage caveat,covered with caveat,Cross-chapter,,NAID 312294094,NSC/DC Meetings Follow-Up,30 EastMed leads retained; 30 query-hit files; online child total 112.,Catalog returned HTML for q=*&ancestorNaId=312294094&limit=200,data/requested-source-series.json | reports/requested-source-series-eastmed.json | reports/compiler-next-review-queue.md | reports/compiler-gap-fill-candidates.md,reports/compiler-source-coverage.md | reports/requested-source-series-eastmed.json,https://catalog.archives.gov/id/312294094,
,,,,604,P3 - source-pool coverage caveat,covered with caveat,Cross-chapter,,NAID 313189297,NSR,30 EastMed leads retained; 30 query-hit files; online child total 65.,Catalog returned HTML for q=*&ancestorNaId=313189297&limit=200,data/requested-source-series.json | reports/requested-source-series-eastmed.json | reports/compiler-next-review-queue.md | reports/compiler-gap-fill-candidates.md,reports/compiler-source-coverage.md | reports/requested-source-series-eastmed.json,https://catalog.archives.gov/id/313189297,
,,,,605,P3 - source-pool coverage caveat,covered with caveat,Cross-chapter,,NAID 313189290,NSD,30 EastMed leads retained; 30 query-hit files; online child total 106.,Catalog returned HTML for q=*&ancestorNaId=313189290&limit=200,data/requested-source-series.json | reports/requested-source-series-eastmed.json | reports/compiler-next-review-queue.md | reports/compiler-gap-fill-candidates.md,reports/compiler-source-coverage.md | reports/requested-source-series-eastmed.json,https://catalog.archives.gov/id/313189290,
,,,,606,P3 - source-pool coverage caveat,covered with caveat,Cross-chapter,,NAID 348937136,IF Transition,28 EastMed leads retained; 28 query-hit files; online child total 30.,Catalog returned HTML for q=*&ancestorNaId=348937136&limit=200,data/requested-source-series.json | reports/requested-source-series-eastmed.json | reports/compiler-next-review-queue.md | reports/compiler-gap-fill-candidates.md,reports/compiler-source-coverage.md | reports/requested-source-series-eastmed.json,https://catalog.archives.gov/id/348937136,
,,,,700,P4 - schedule-evidence caveat,Schedule title caveat batch,Cross-chapter,,20 schedule caveats,Presidential Daily Diary/Backup [EMPTY] title review,20 schedule corroboration rows include [EMPTY] titles and should be used only after PDF spot-checking.,Open the listed Daily Diary/Backup PDFs from the data-quality audit and confirm the schedule evidence before final citation.,Doc 3.001 / Schedule NAID 415889668: [Presidential Daily Diary] 2/24/1989 [EMPTY] || Doc 3.002 / Schedule NAID 415889856: [Presidential Daily Diary] 5/29/1989 [EMPTY] || Doc 1.001 / Schedule NAID 415889858: [Presidential Daily Diary] 5/30/1989 [EMPTY] || Doc 3.003 / Schedule NAID 415889926: [Presidential Daily Diary] 7/3/1989 [EMPTY] || Doc 1.003 / Schedule NAID 415890220: [Presidential Daily Diary] 11/27/1989 [EMPTY] || Doc 3.007 / Schedule NAID 415890220: [Presidential Daily Diary] 11/27/1989 [EMPTY] || Doc 3.008 / Schedule NAID 415890324: [Presidential Daily Diary] 1/18/1990 [EMPTY] || Doc 3.009 / Schedule NAID 415890324: [Presidential Daily Diary] 1/18/1990 [EMPTY] || Doc 3.014 / Schedule NAID 415890728: [Presidential Daily Diary] 8/8/1990 [EMPTY] || Doc 3.016 / Schedule NAID 415890744: [Presidential Daily Diary] 8/16/1990 [EMPTY] || Doc 3.017 / Schedule NAID 415890752: [Presidential Daily Diary] 8/20/1990 [EMPTY] || Doc 1.005 / Schedule NAID 415890756: [Presidential Daily Diary] 8/22/1990 [EMPTY] || Doc 2.002 / Schedule NAID 415890762: [Presidential Daily Diary] 8/25/1990 [EMPTY] || Doc 3.018 / Schedule NAID 415890772: [Presidential Daily Diary] 8/30/1990 [EMPTY] || Doc 3.019 / Schedule NAID 415890786: [Presidential Daily Diary] 9/6/1990 [EMPTY] || Doc 3.024 / Schedule NAID 415890938: [Presidential Daily Diary] 11/20/1990 [EMPTY] || Doc 1.006 / Schedule NAID 415890940: [Presidential Daily Diary] 11/21/1990 [EMPTY] || Doc 3.062 / Schedule NAID 415892114: [Presidential Daily Diary] 6/26/1992 [EMPTY] || Doc 1.013 / Schedule NAID 415892141: [Presidential Daily Diary] 7/9/1992 [EMPTY] || Doc 3.063 / Schedule NAID 415892141: [Presidential Daily Diary] 7/9/1992 [EMPTY],reports/compiler-data-quality-audit.md | reports/compiler-source-notes.csv | reports/compiler-document-register.md,,
,,,,720,P4 - persons apparatus review,Persons-list coverage review,Regional,1989-09-25,NATO allied representatives,NATO allied representatives,1 selected chronology document(s) use a participant string without a clear persons-list match.,No clear persons-list match; verify whether this should be an organizational/collective entry or excluded from persons list.,"Doc 4.001 - 1989-09-25 - President's Lunch for Allied Representatives, September 25, 1989",reports/compiler-persons-document-index.md | reports/persons-list.md,,
